hour_of_year,ghi_wm2
0,0
1,0
2,0
3,0
4,0
5,0
6,65
7,333
8,574
9,687
10,784
11,922
12,689
13,1001
14,754
15,675
16,447
17,205
18,12
19,0
20,0
21,0
22,0
23,0
24,0
25,0
26,0
27,0
28,0
29,0
30,95
31,330
32,413
33,777
34,607
35,889
36,410
37,126
38,35
39,29
40,11
41,71
42,12
43,0
44,0
45,0
46,0
47,0
48,0
49,0
50,0
51,0
52,0
53,0
54,64
55,191
56,486
57,597
58,843
59,954
60,1035
61,982
62,746
63,587
64,390
65,197
66,13
67,0
68,0
69,0
70,0
71,0
72,0
73,0
74,0
75,0
76,0
77,0
78,36
79,139
80,204
81,543
82,695
83,1029
84,770
85,771
86,147
87,571
88,456
89,199
90,13
91,0
92,0
93,0
94,0
95,0
96,0
97,0
98,0
99,0
100,0
101,0
102,25
103,46
104,209
105,271
106,552
107,571
108,954
109,455
110,763
111,313
112,130
113,155
114,8
115,0
116,0
117,0
118,0
119,0
120,0
121,0
122,0
123,0
124,0
125,0
126,13
127,47
128,132
129,241
130,267
131,557
132,292
133,640
134,413
135,161
136,211
137,123
138,14
139,0
140,0
141,0
142,0
143,0
144,0
145,0
146,0
147,0
148,0
149,0
150,34
151,13
152,102
153,270
154,712
155,824
156,785
157,760
158,669
159,27
160,194
161,46
162,9
163,0
164,0
165,0
166,0
167,0
168,0
169,0
170,0
171,0
172,0
173,0
174,68
175,128
176,216
177,275
178,594
179,701
180,63
181,379
182,667
183,143
184,117
185,120
186,14
187,0
188,0
189,0
190,0
191,0
192,0
193,0
194,0
195,0
196,0
197,0
198,57
199,231
200,179
201,54
202,90
203,215
204,221
205,230
206,296
207,304
208,458
209,216
210,12
211,0
212,0
213,0
214,0
215,0
216,0
217,0
218,0
219,0
220,0
221,0
222,56
223,36
224,167
225,302
226,548
227,655
228,467
229,766
230,876
231,693
232,414
233,141
234,16
235,0
236,0
237,0
238,0
239,0
240,0
241,0
242,0
243,0
244,0
245,0
246,23
247,89
248,272
249,551
250,649
251,747
252,941
253,708
254,884
255,450
256,429
257,52
258,12
259,0
260,0
261,0
262,0
263,0
264,0
265,0
266,0
267,0
268,0
269,0
270,52
271,118
272,245
273,530
274,804
275,964
276,397
277,125
278,141
279,155
280,143
281,153
282,13
283,0
284,0
285,0
286,0
287,0
288,0
289,0
290,0
291,0
292,0
293,0
294,29
295,181
296,322
297,535
298,661
299,292
300,467
301,501
302,558
303,580
304,466
305,141
306,12
307,0
308,0
309,0
310,0
311,0
312,0
313,0
314,0
315,0
316,0
317,0
318,29
319,222
320,528
321,647
322,415
323,230
324,504
325,372
326,607
327,448
328,342
329,92
330,13
331,0
332,0
333,0
334,0
335,0
336,0
337,0
338,0
339,0
340,0
341,0
342,45
343,307
344,553
345,646
346,937
347,647
348,593
349,829
350,683
351,459
352,139
353,83
354,19
355,0
356,0
357,0
358,0
359,0
360,0
361,0
362,0
363,0
364,0
365,0
366,49
367,297
368,482
369,700
370,936
371,786
372,320
373,896
374,795
375,595
376,102
377,27
378,3
379,0
380,0
381,0
382,0
383,0
384,0
385,0
386,0
387,0
388,0
389,0
390,39
391,171
392,353
393,513
394,613
395,916
396,962
397,825
398,784
399,670
400,442
401,134
402,18
403,0
404,0
405,0
406,0
407,0
408,0
409,0
410,0
411,0
412,0
413,0
414,43
415,196
416,442
417,667
418,826
419,921
420,1066
421,236
422,882
423,17
424,474
425,229
426,24
427,0
428,0
429,0
430,0
431,0
432,0
433,0
434,0
435,0
436,0
437,0
438,67
439,297
440,543
441,761
442,537
443,779
444,537
445,450
446,409
447,433
448,366
449,203
450,18
451,0
452,0
453,0
454,0
455,0
456,0
457,0
458,0
459,0
460,0
461,0
462,13
463,137
464,175
465,404
466,592
467,903
468,1060
469,1013
470,892
471,179
472,483
473,237
474,26
475,0
476,0
477,0
478,0
479,0
480,0
481,0
482,0
483,0
484,0
485,0
486,14
487,196
488,541
489,761
490,776
491,883
492,1066
493,854
494,212
495,630
496,142
497,75
498,17
499,0
500,0
501,0
502,0
503,0
504,0
505,0
506,0
507,0
508,0
509,0
510,34
511,154
512,464
513,686
514,663
515,438
516,727
517,858
518,479
519,198
520,295
521,164
522,15
523,0
524,0
525,0
526,0
527,0
528,0
529,0
530,0
531,0
532,0
533,0
534,22
535,70
536,156
537,375
538,544
539,694
540,808
541,1017
542,691
543,525
544,491
545,105
546,8
547,0
548,0
549,0
550,0
551,0
552,0
553,0
554,0
555,0
556,0
557,0
558,15
559,13
560,163
561,541
562,673
563,811
564,975
565,883
566,791
567,142
568,64
569,56
570,18
571,0
572,0
573,0
574,0
575,0
576,0
577,0
578,0
579,0
580,0
581,0
582,18
583,101
584,265
585,561
586,777
587,853
588,317
589,93
590,185
591,229
592,11
593,5
594,6
595,0
596,0
597,0
598,0
599,0
600,0
601,0
602,0
603,0
604,0
605,0
606,36
607,100
608,278
609,360
610,564
611,389
612,381
613,601
614,609
615,651
616,234
617,116
618,8
619,0
620,0
621,0
622,0
623,0
624,0
625,0
626,0
627,0
628,0
629,0
630,16
631,71
632,165
633,273
634,590
635,140
636,73
637,168
638,313
639,79
640,64
641,38
642,10
643,0
644,0
645,0
646,0
647,0
648,0
649,0
650,0
651,0
652,0
653,0
654,15
655,67
656,102
657,257
658,478
659,278
660,273
661,368
662,437
663,288
664,113
665,130
666,15
667,0
668,0
669,0
670,0
671,0
672,0
673,0
674,0
675,0
676,0
677,0
678,31
679,186
680,289
681,601
682,722
683,857
684,812
685,711
686,803
687,440
688,156
689,224
690,28
691,0
692,0
693,0
694,0
695,0
696,0
697,0
698,0
699,0
700,0
701,0
702,55
703,165
704,538
705,763
706,936
707,1045
708,868
709,542
710,492
711,603
712,483
713,235
714,19
715,0
716,0
717,0
718,0
719,0
720,0
721,0
722,0
723,0
724,0
725,0
726,31
727,278
728,521
729,490
730,922
731,661
732,623
733,906
734,717
735,459
736,200
737,158
738,15
739,0
740,0
741,0
742,0
743,0
744,0
745,0
746,0
747,0
748,0
749,0
750,23
751,109
752,316
753,578
754,692
755,888
756,724
757,901
758,523
759,581
760,110
761,8
762,22
763,0
764,0
765,0
766,0
767,0
768,0
769,0
770,0
771,0
772,0
773,0
774,27
775,254
776,530
777,753
778,927
779,571
780,1065
781,337
782,890
783,709
784,21
785,80
786,15
787,0
788,0
789,0
790,0
791,0
792,0
793,0
794,0
795,0
796,0
797,0
798,29
799,195
800,464
801,615
802,748
803,784
804,360
805,807
806,897
807,715
808,229
809,181
810,13
811,0
812,0
813,0
814,0
815,0
816,0
817,0
818,0
819,0
820,0
821,0
822,18
823,5
824,38
825,52
826,359
827,285
828,374
829,373
830,662
831,492
832,341
833,81
834,12
835,0
836,0
837,0
838,0
839,0
840,0
841,0
842,0
843,0
844,0
845,0
846,25
847,180
848,461
849,745
850,921
851,1032
852,456
853,787
854,419
855,722
856,376
857,239
858,14
859,0
860,0
861,0
862,0
863,0
864,0
865,0
866,0
867,0
868,0
869,0
870,22
871,221
872,372
873,658
874,742
875,778
876,809
877,502
878,376
879,200
880,296
881,146
882,18
883,0
884,0
885,0
886,0
887,0
888,0
889,0
890,0
891,0
892,0
893,0
894,21
895,109
896,408
897,635
898,595
899,775
900,584
901,782
902,723
903,219
904,330
905,153
906,18
907,0
908,0
909,0
910,0
911,0
912,0
913,0
914,0
915,0
916,0
917,0
918,25
919,236
920,529
921,608
922,859
923,546
924,900
925,847
926,741
927,700
928,382
929,109
930,16
931,0
932,0
933,0
934,0
935,0
936,0
937,0
938,0
939,0
940,0
941,0
942,15
943,132
944,228
945,567
946,738
947,905
948,861
949,227
950,772
951,40
952,15
953,49
954,12
955,0
956,0
957,0
958,0
959,0
960,0
961,0
962,0
963,0
964,0
965,0
966,28
967,166
968,457
969,754
970,930
971,892
972,590
973,183
974,418
975,311
976,292
977,171
978,14
979,0
980,0
981,0
982,0
983,0
984,0
985,0
986,0
987,0
988,0
989,0
990,23
991,184
992,520
993,595
994,924
995,1030
996,1065
997,1023
998,903
999,426
1000,366
1001,196
1002,12
1003,0
1004,0
1005,0
1006,0
1007,0
1008,0
1009,0
1010,0
1011,0
1012,0
1013,0
1014,20
1015,187
1016,382
1017,745
1018,474
1019,766
1020,573
1021,1024
1022,738
1023,622
1024,365
1025,91
1026,6
1027,0
1028,0
1029,0
1030,0
1031,0
1032,0
1033,0
1034,0
1035,0
1036,0
1037,0
1038,12
1039,259
1040,513
1041,742
1042,919
1043,1033
1044,855
1045,763
1046,656
1047,440
1048,483
1049,229
1050,19
1051,0
1052,0
1053,0
1054,0
1055,0
1056,0
1057,0
1058,0
1059,0
1060,0
1061,0
1062,24
1063,233
1064,521
1065,754
1066,936
1067,831
1068,827
1069,784
1070,687
1071,286
1072,296
1073,163
1074,19
1075,0
1076,0
1077,0
1078,0
1079,0
1080,0
1081,0
1082,0
1083,0
1084,0
1085,0
1086,19
1087,58
1088,298
1089,525
1090,736
1091,742
1092,978
1093,373
1094,326
1095,289
1096,90
1097,28
1098,9
1099,0
1100,0
1101,0
1102,0
1103,0
1104,0
1105,0
1106,0
1107,0
1108,0
1109,0
1110,25
1111,175
1112,383
1113,743
1114,626
1115,1032
1116,815
1117,781
1118,652
1119,444
1120,298
1121,155
1122,9
1123,0
1124,0
1125,0
1126,0
1127,0
1128,0
1129,0
1130,0
1131,0
1132,0
1133,0
1134,11
1135,245
1136,402
1137,742
1138,920
1139,836
1140,820
1141,890
1142,527
1143,58
1144,43
1145,5
1146,3
1147,0
1148,0
1149,0
1150,0
1151,0
1152,0
1153,0
1154,0
1155,0
1156,0
1157,0
1158,16
1159,114
1160,312
1161,491
1162,456
1163,555
1164,827
1165,404
1166,630
1167,381
1168,132
1169,135
1170,7
1171,0
1172,0
1173,0
1174,0
1175,0
1176,0
1177,0
1178,0
1179,0
1180,0
1181,0
1182,18
1183,218
1184,504
1185,358
1186,521
1187,652
1188,554
1189,457
1190,778
1191,22
1192,11
1193,14
1194,3
1195,0
1196,0
1197,0
1198,0
1199,0
1200,0
1201,0
1202,0
1203,0
1204,0
1205,0
1206,13
1207,48
1208,51
1209,134
1210,673
1211,742
1212,827
1213,729
1214,529
1215,510
1216,367
1217,87
1218,6
1219,0
1220,0
1221,0
1222,0
1223,0
1224,0
1225,0
1226,0
1227,0
1228,0
1229,0
1230,10
1231,99
1232,360
1233,594
1234,595
1235,412
1236,451
1237,512
1238,650
1239,204
1240,115
1241,9
1242,4
1243,0
1244,0
1245,0
1246,0
1247,0
1248,0
1249,0
1250,0
1251,0
1252,0
1253,0
1254,16
1255,49
1256,150
1257,323
1258,503
1259,417
1260,686
1261,558
1262,638
1263,467
1264,229
1265,4
1266,4
1267,0
1268,0
1269,0
1270,0
1271,0
1272,0
1273,0
1274,0
1275,0
1276,0
1277,0
1278,8
1279,52
1280,123
1281,183
1282,648
1283,818
1284,1069
1285,786
1286,615
1287,508
1288,235
1289,5
1290,5
1291,0
1292,0
1293,0
1294,0
1295,0
1296,0
1297,0
1298,0
1299,0
1300,0
1301,0
1302,18
1303,112
1304,374
1305,505
1306,687
1307,744
1308,353
1309,661
1310,597
1311,195
1312,388
1313,125
1314,3
1315,0
1316,0
1317,0
1318,0
1319,0
1320,0
1321,0
1322,0
1323,0
1324,0
1325,0
1326,13
1327,187
1328,280
1329,660
1330,763
1331,376
1332,807
1333,788
1334,786
1335,477
1336,257
1337,10
1338,3
1339,0
1340,0
1341,0
1342,0
1343,0
1344,0
1345,0
1346,0
1347,0
1348,0
1349,0
1350,13
1351,138
1352,357
1353,749
1354,927
1355,1038
1356,503
1357,1023
1358,680
1359,708
1360,472
1361,215
1362,0
1363,0
1364,0
1365,0
1366,0
1367,0
1368,0
1369,0
1370,0
1371,0
1372,0
1373,0
1374,22
1375,227
1376,416
1377,602
1378,748
1379,753
1380,694
1381,528
1382,245
1383,548
1384,373
1385,102
1386,0
1387,0
1388,0
1389,0
1390,0
1391,0
1392,0
1393,0
1394,0
1395,0
1396,0
1397,0
1398,17
1399,214
1400,413
1401,590
1402,749
1403,805
1404,830
1405,953
1406,840
1407,473
1408,315
1409,146
1410,0
1411,0
1412,0
1413,0
1414,0
1415,0
1416,0
1417,0
1418,0
1419,0
1420,0
1421,0
1422,20
1423,205
1424,411
1425,601
1426,697
1427,1020
1428,838
1429,795
1430,881
1431,476
1432,333
1433,4
1434,0
1435,0
1436,0
1437,0
1438,0
1439,0
1440,0
1441,0
1442,0
1443,0
1444,0
1445,0
1446,19
1447,262
1448,520
1449,751
1450,928
1451,740
1452,765
1453,948
1454,689
1455,528
1456,448
1457,125
1458,0
1459,0
1460,0
1461,0
1462,0
1463,0
1464,0
1465,0
1466,0
1467,0
1468,0
1469,0
1470,15
1471,251
1472,509
1473,737
1474,915
1475,1024
1476,695
1477,341
1478,649
1479,647
1480,99
1481,87
1482,0
1483,0
1484,0
1485,0
1486,0
1487,0
1488,0
1489,0
1490,0
1491,0
1492,0
1493,0
1494,32
1495,106
1496,516
1497,746
1498,921
1499,1027
1500,1056
1501,796
1502,860
1503,482
1504,99
1505,134
1506,0
1507,0
1508,0
1509,0
1510,0
1511,0
1512,0
1513,0
1514,0
1515,0
1516,0
1517,0
1518,15
1519,130
1520,371
1521,729
1522,903
1523,824
1524,789
1525,778
1526,192
1527,631
1528,39
1529,30
1530,0
1531,0
1532,0
1533,0
1534,0
1535,0
1536,0
1537,0
1538,0
1539,0
1540,0
1541,0
1542,17
1543,227
1544,448
1545,355
1546,458
1547,842
1548,1039
1549,755
1550,249
1551,195
1552,44
1553,42
1554,0
1555,0
1556,0
1557,0
1558,0
1559,0
1560,0
1561,0
1562,0
1563,0
1564,0
1565,0
1566,15
1567,174
1568,465
1569,552
1570,544
1571,752
1572,502
1573,889
1574,866
1575,678
1576,442
1577,114
1578,0
1579,0
1580,0
1581,0
1582,0
1583,0
1584,0
1585,0
1586,0
1587,0
1588,0
1589,0
1590,13
1591,7
1592,37
1593,124
1594,214
1595,426
1596,678
1597,640
1598,619
1599,529
1600,355
1601,91
1602,0
1603,0
1604,0
1605,0
1606,0
1607,0
1608,0
1609,0
1610,0
1611,0
1612,0
1613,0
1614,12
1615,142
1616,371
1617,618
1618,737
1619,848
1620,717
1621,789
1622,670
1623,658
1624,428
1625,164
1626,0
1627,0
1628,0
1629,0
1630,0
1631,0
1632,0
1633,0
1634,0
1635,0
1636,0
1637,0
1638,16
1639,180
1640,395
1641,419
1642,643
1643,752
1644,978
1645,916
1646,470
1647,20
1648,17
1649,68
1650,0
1651,0
1652,0
1653,0
1654,0
1655,0
1656,0
1657,0
1658,0
1659,0
1660,0
1661,0
1662,11
1663,115
1664,315
1665,425
1666,509
1667,493
1668,639
1669,599
1670,451
1671,296
1672,421
1673,26
1674,0
1675,0
1676,0
1677,0
1678,0
1679,0
1680,0
1681,0
1682,0
1683,0
1684,0
1685,0
1686,8
1687,202
1688,28
1689,239
1690,496
1691,321
1692,527
1693,350
1694,34
1695,492
1696,315
1697,11
1698,0
1699,0
1700,0
1701,0
1702,0
1703,0
1704,0
1705,0
1706,0
1707,0
1708,0
1709,0
1710,17
1711,214
1712,390
1713,374
1714,318
1715,522
1716,338
1717,248
1718,260
1719,584
1720,342
1721,82
1722,0
1723,0
1724,0
1725,0
1726,0
1727,0
1728,0
1729,0
1730,0
1731,0
1732,0
1733,0
1734,15
1735,202
1736,354
1737,490
1738,677
1739,667
1740,524
1741,522
1742,417
1743,193
1744,410
1745,59
1746,0
1747,0
1748,0
1749,0
1750,0
1751,0
1752,0
1753,0
1754,0
1755,0
1756,0
1757,0
1758,15
1759,162
1760,336
1761,690
1762,901
1763,810
1764,624
1765,41
1766,460
1767,19
1768,73
1769,59
1770,0
1771,0
1772,0
1773,0
1774,0
1775,0
1776,0
1777,0
1778,0
1779,0
1780,0
1781,0
1782,17
1783,207
1784,357
1785,418
1786,386
1787,434
1788,246
1789,246
1790,353
1791,255
1792,268
1793,28
1794,0
1795,0
1796,0
1797,0
1798,0
1799,0
1800,0
1801,0
1802,0
1803,0
1804,0
1805,0
1806,8
1807,186
1808,368
1809,572
1810,683
1811,693
1812,664
1813,870
1814,845
1815,654
1816,418
1817,166
1818,0
1819,0
1820,0
1821,0
1822,0
1823,0
1824,0
1825,0
1826,0
1827,0
1828,0
1829,0
1830,5
1831,49
1832,99
1833,258
1834,604
1835,797
1836,429
1837,126
1838,139
1839,123
1840,48
1841,37
1842,0
1843,0
1844,0
1845,0
1846,0
1847,0
1848,0
1849,0
1850,0
1851,0
1852,0
1853,0
1854,11
1855,116
1856,225
1857,374
1858,284
1859,478
1860,667
1861,748
1862,526
1863,407
1864,303
1865,59
1866,0
1867,0
1868,0
1869,0
1870,0
1871,0
1872,0
1873,0
1874,0
1875,0
1876,0
1877,0
1878,10
1879,30
1880,289
1881,416
1882,565
1883,405
1884,452
1885,182
1886,43
1887,21
1888,55
1889,62
1890,0
1891,0
1892,0
1893,0
1894,0
1895,0
1896,0
1897,0
1898,0
1899,0
1900,0
1901,0
1902,10
1903,99
1904,209
1905,373
1906,376
1907,585
1908,734
1909,318
1910,30
1911,78
1912,131
1913,67
1914,0
1915,0
1916,0
1917,0
1918,0
1919,0
1920,0
1921,0
1922,0
1923,0
1924,0
1925,0
1926,13
1927,104
1928,192
1929,312
1930,646
1931,728
1932,670
1933,471
1934,621
1935,442
1936,281
1937,96
1938,0
1939,0
1940,0
1941,0
1942,0
1943,0
1944,0
1945,0
1946,0
1947,0
1948,0
1949,0
1950,13
1951,161
1952,444
1953,631
1954,768
1955,678
1956,694
1957,547
1958,41
1959,17
1960,13
1961,33
1962,0
1963,0
1964,0
1965,0
1966,0
1967,0
1968,0
1969,0
1970,0
1971,0
1972,0
1973,0
1974,12
1975,118
1976,279
1977,722
1978,891
1979,991
1980,1016
1981,961
1982,829
1983,636
1984,280
1985,94
1986,0
1987,0
1988,0
1989,0
1990,0
1991,0
1992,0
1993,0
1994,0
1995,0
1996,0
1997,0
1998,17
1999,246
2000,497
2001,722
2002,893
2003,995
2004,1018
2005,42
2006,704
2007,620
2008,8
2009,125
2010,0
2011,0
2012,0
2013,0
2014,0
2015,0
2016,0
2017,0
2018,0
2019,0
2020,0
2021,0
2022,27
2023,248
2024,501
2025,723
2026,892
2027,995
2028,1019
2029,961
2030,831
2031,636
2032,397
2033,145
2034,0
2035,0
2036,0
2037,0
2038,0
2039,0
2040,0
2041,0
2042,0
2043,0
2044,0
2045,0
2046,18
2047,174
2048,485
2049,653
2050,711
2051,853
2052,916
2053,953
2054,817
2055,369
2056,8
2057,7
2058,0
2059,0
2060,0
2061,0
2062,0
2063,0
2064,0
2065,0
2066,0
2067,0
2068,0
2069,0
2070,16
2071,241
2072,490
2073,711
2074,878
2075,977
2076,998
2077,831
2078,462
2079,318
2080,292
2081,134
2082,0
2083,0
2084,0
2085,0
2086,0
2087,0
2088,0
2089,0
2090,0
2091,0
2092,0
2093,0
2094,17
2095,249
2096,495
2097,671
2098,478
2099,830
2100,136
2101,308
2102,504
2103,389
2104,263
2105,41
2106,0
2107,0
2108,0
2109,0
2110,0
2111,0
2112,0
2113,0
2114,0
2115,0
2116,0
2117,0
2118,12
2119,136
2120,293
2121,718
2122,885
2123,982
2124,1004
2125,947
2126,813
2127,619
2128,382
2129,133
2130,0
2131,0
2132,0
2133,0
2134,0
2135,0
2136,0
2137,0
2138,0
2139,0
2140,0
2141,0
2142,14
2143,243
2144,492
2145,713
2146,879
2147,977
2148,998
2149,804
2150,797
2151,560
2152,367
2153,124
2154,0
2155,0
2156,0
2157,0
2158,0
2159,0
2160,0
2161,0
2162,0
2163,0
2164,0
2165,0
2166,18
2167,136
2168,481
2169,702
2170,722
2171,514
2172,467
2173,800
2174,792
2175,396
2176,331
2177,49
2178,0
2179,0
2180,0
2181,0
2182,0
2183,0
2184,0
2185,0
2186,0
2187,0
2188,0
2189,0
2190,10
2191,5
2192,245
2193,249
2194,354
2195,332
2196,320
2197,757
2198,701
2199,602
2200,367
2201,90
2202,0
2203,0
2204,0
2205,0
2206,0
2207,0
2208,0
2209,0
2210,0
2211,0
2212,0
2213,0
2214,12
2215,243
2216,261
2217,707
2218,603
2219,789
2220,987
2221,929
2222,790
2223,597
2224,362
2225,88
2226,0
2227,0
2228,0
2229,0
2230,0
2231,0
2232,0
2233,0
2234,0
2235,0
2236,0
2237,0
2238,25
2239,240
2240,488
2241,708
2242,875
2243,973
2244,991
2245,931
2246,793
2247,597
2248,360
2249,117
2250,0
2251,0
2252,0
2253,0
2254,0
2255,0
2256,0
2257,0
2258,0
2259,0
2260,0
2261,0
2262,25
2263,242
2264,404
2265,707
2266,870
2267,965
2268,869
2269,632
2270,777
2271,583
2272,348
2273,109
2274,0
2275,0
2276,0
2277,0
2278,0
2279,0
2280,0
2281,0
2282,0
2283,0
2284,0
2285,0
2286,2
2287,5
2288,13
2289,82
2290,230
2291,619
2292,544
2293,575
2294,428
2295,415
2296,346
2297,108
2298,0
2299,0
2300,0
2301,0
2302,0
2303,0
2304,0
2305,0
2306,0
2307,0
2308,0
2309,0
2310,8
2311,8
2312,200
2313,507
2314,554
2315,594
2316,573
2317,32
2318,28
2319,15
2320,220
2321,94
2322,0
2323,0
2324,0
2325,0
2326,0
2327,0
2328,0
2329,0
2330,0
2331,0
2332,0
2333,0
2334,8
2335,179
2336,466
2337,590
2338,706
2339,243
2340,147
2341,538
2342,55
2343,20
2344,44
2345,31
2346,0
2347,0
2348,0
2349,0
2350,0
2351,0
2352,0
2353,0
2354,0
2355,0
2356,0
2357,0
2358,12
2359,210
2360,451
2361,655
2362,801
2363,740
2364,776
2365,452
2366,591
2367,513
2368,310
2369,79
2370,0
2371,0
2372,0
2373,0
2374,0
2375,0
2376,0
2377,0
2378,0
2379,0
2380,0
2381,0
2382,13
2383,232
2384,474
2385,625
2386,765
2387,825
2388,828
2389,444
2390,623
2391,78
2392,126
2393,68
2394,0
2395,0
2396,0
2397,0
2398,0
2399,0
2400,0
2401,0
2402,0
2403,0
2404,0
2405,0
2406,14
2407,170
2408,207
2409,432
2410,599
2411,707
2412,829
2413,797
2414,695
2415,432
2416,146
2417,50
2418,0
2419,0
2420,0
2421,0
2422,0
2423,0
2424,0
2425,0
2426,0
2427,0
2428,0
2429,0
2430,12
2431,184
2432,476
2433,688
2434,847
2435,939
2436,551
2437,798
2438,542
2439,484
2440,255
2441,62
2442,0
2443,0
2444,0
2445,0
2446,0
2447,0
2448,0
2449,0
2450,0
2451,0
2452,0
2453,0
2454,12
2455,166
2456,469
2457,681
2458,842
2459,933
2460,947
2461,631
2462,650
2463,508
2464,327
2465,61
2466,0
2467,0
2468,0
2469,0
2470,0
2471,0
2472,0
2473,0
2474,0
2475,0
2476,0
2477,0
2478,10
2479,85
2480,445
2481,615
2482,782
2483,844
2484,870
2485,878
2486,746
2487,554
2488,323
2489,90
2490,0
2491,0
2492,0
2493,0
2494,0
2495,0
2496,0
2497,0
2498,0
2499,0
2500,0
2501,0
2502,14
2503,165
2504,463
2505,676
2506,787
2507,927
2508,755
2509,353
2510,743
2511,550
2512,319
2513,88
2514,0
2515,0
2516,0
2517,0
2518,0
2519,0
2520,0
2521,0
2522,0
2523,0
2524,0
2525,0
2526,13
2527,230
2528,468
2529,678
2530,737
2531,924
2532,938
2533,875
2534,646
2535,552
2536,321
2537,88
2538,0
2539,0
2540,0
2541,0
2542,0
2543,0
2544,0
2545,0
2546,0
2547,0
2548,0
2549,0
2550,14
2551,219
2552,466
2553,617
2554,712
2555,920
2556,933
2557,872
2558,739
2559,549
2560,319
2561,88
2562,0
2563,0
2564,0
2565,0
2566,0
2567,0
2568,0
2569,0
2570,0
2571,0
2572,0
2573,0
2574,15
2575,214
2576,455
2577,642
2578,688
2579,838
2580,790
2581,572
2582,648
2583,273
2584,275
2585,57
2586,0
2587,0
2588,0
2589,0
2590,0
2591,0
2592,0
2593,0
2594,0
2595,0
2596,0
2597,0
2598,14
2599,212
2600,445
2601,653
2602,647
2603,760
2604,523
2605,642
2606,355
2607,455
2608,271
2609,56
2610,0
2611,0
2612,0
2613,0
2614,0
2615,0
2616,0
2617,0
2618,0
2619,0
2620,0
2621,0
2622,10
2623,83
2624,312
2625,130
2626,178
2627,670
2628,525
2629,315
2630,587
2631,521
2632,249
2633,46
2634,0
2635,0
2636,0
2637,0
2638,0
2639,0
2640,0
2641,0
2642,0
2643,0
2644,0
2645,0
2646,6
2647,86
2648,459
2649,666
2650,820
2651,909
2652,921
2653,462
2654,637
2655,446
2656,240
2657,52
2658,0
2659,0
2660,0
2661,0
2662,0
2663,0
2664,0
2665,0
2666,0
2667,0
2668,0
2669,0
2670,10
2671,224
2672,459
2673,527
2674,680
2675,274
2676,205
2677,92
2678,24
2679,40
2680,36
2681,18
2682,0
2683,0
2684,0
2685,0
2686,0
2687,0
2688,0
2689,0
2690,0
2691,0
2692,0
2693,0
2694,12
2695,178
2696,245
2697,434
2698,395
2699,630
2700,778
2701,777
2702,712
2703,523
2704,296
2705,44
2706,0
2707,0
2708,0
2709,0
2710,0
2711,0
2712,0
2713,0
2714,0
2715,0
2716,0
2717,0
2718,21
2719,224
2720,458
2721,665
2722,819
2723,902
2724,916
2725,853
2726,719
2727,529
2728,301
2729,75
2730,0
2731,0
2732,0
2733,0
2734,0
2735,0
2736,0
2737,0
2738,0
2739,0
2740,0
2741,0
2742,20
2743,223
2744,459
2745,665
2746,818
2747,904
2748,917
2749,853
2750,518
2751,398
2752,301
2753,45
2754,0
2755,0
2756,0
2757,0
2758,0
2759,0
2760,0
2761,0
2762,0
2763,0
2764,0
2765,0
2766,20
2767,219
2768,453
2769,658
2770,811
2771,898
2772,909
2773,845
2774,712
2775,522
2776,295
2777,70
2778,0
2779,0
2780,0
2781,0
2782,0
2783,0
2784,0
2785,0
2786,0
2787,0
2788,0
2789,0
2790,20
2791,221
2792,457
2793,662
2794,815
2795,899
2796,909
2797,845
2798,594
2799,517
2800,235
2801,48
2802,0
2803,0
2804,0
2805,0
2806,0
2807,0
2808,0
2809,0
2810,0
2811,0
2812,0
2813,0
2814,10
2815,216
2816,448
2817,614
2818,801
2819,886
2820,787
2821,833
2822,697
2823,316
2824,121
2825,43
2826,0
2827,0
2828,0
2829,0
2830,0
2831,0
2832,0
2833,0
2834,0
2835,0
2836,0
2837,0
2838,10
2839,217
2840,448
2841,651
2842,803
2843,887
2844,896
2845,382
2846,699
2847,509
2848,283
2849,64
2850,0
2851,0
2852,0
2853,0
2854,0
2855,0
2856,0
2857,0
2858,0
2859,0
2860,0
2861,0
2862,18
2863,214
2864,445
2865,647
2866,798
2867,883
2868,895
2869,831
2870,695
2871,404
2872,6
2873,46
2874,0
2875,0
2876,0
2877,0
2878,0
2879,0
2880,0
2881,0
2882,0
2883,0
2884,0
2885,0
2886,17
2887,211
2888,441
2889,642
2890,791
2891,875
2892,887
2893,822
2894,691
2895,10
2896,203
2897,27
2898,0
2899,0
2900,0
2901,0
2902,0
2903,0
2904,0
2905,0
2906,0
2907,0
2908,0
2909,0
2910,9
2911,210
2912,441
2913,642
2914,652
2915,598
2916,886
2917,571
2918,189
2919,422
2920,203
2921,30
2922,0
2923,0
2924,0
2925,0
2926,0
2927,0
2928,0
2929,0
2930,0
2931,0
2932,0
2933,0
2934,17
2935,213
2936,444
2937,647
2938,799
2939,883
2940,893
2941,827
2942,693
2943,505
2944,281
2945,62
2946,0
2947,0
2948,0
2949,0
2950,0
2951,0
2952,0
2953,0
2954,0
2955,0
2956,0
2957,0
2958,19
2959,224
2960,458
2961,663
2962,816
2963,901
2964,813
2965,742
2966,648
2967,429
2968,283
2969,62
2970,0
2971,0
2972,0
2973,0
2974,0
2975,0
2976,0
2977,0
2978,0
2979,0
2980,0
2981,0
2982,19
2983,221
2984,455
2985,657
2986,803
2987,885
2988,891
2989,822
2990,686
2991,495
2992,270
2993,56
2994,0
2995,0
2996,0
2997,0
2998,0
2999,0
3000,0
3001,0
3002,0
3003,0
3004,0
3005,0
3006,10
3007,144
3008,427
3009,604
3010,569
3011,552
3012,668
3013,566
3014,369
3015,288
3016,200
3017,24
3018,0
3019,0
3020,0
3021,0
3022,0
3023,0
3024,0
3025,0
3026,0
3027,0
3028,0
3029,0
3030,6
3031,115
3032,326
3033,640
3034,790
3035,873
3036,884
3037,820
3038,685
3039,498
3040,274
3041,37
3042,0
3043,0
3044,0
3045,0
3046,0
3047,0
3048,0
3049,0
3050,0
3051,0
3052,0
3053,0
3054,10
3055,215
3056,444
3057,544
3058,795
3059,792
3060,884
3061,818
3062,561
3063,493
3064,202
3065,41
3066,0
3067,0
3068,0
3069,0
3070,0
3071,0
3072,0
3073,0
3074,0
3075,0
3076,0
3077,0
3078,10
3079,208
3080,328
3081,406
3082,698
3083,771
3084,785
3085,544
3086,680
3087,491
3088,268
3089,54
3090,0
3091,0
3092,0
3093,0
3094,0
3095,0
3096,0
3097,0
3098,0
3099,0
3100,0
3101,0
3102,16
3103,210
3104,438
3105,638
3106,784
3107,864
3108,871
3109,803
3110,669
3111,482
3112,261
3113,52
3114,0
3115,0
3116,0
3117,0
3118,0
3119,0
3120,0
3121,0
3122,0
3123,0
3124,0
3125,0
3126,9
3127,133
3128,416
3129,608
3130,789
3131,812
3132,762
3133,714
3134,337
3135,413
3136,205
3137,52
3138,0
3139,0
3140,0
3141,0
3142,0
3143,0
3144,0
3145,0
3146,0
3147,0
3148,0
3149,0
3150,15
3151,193
3152,437
3153,636
3154,783
3155,753
3156,863
3157,81
3158,320
3159,421
3160,259
3161,50
3162,0
3163,0
3164,0
3165,0
3166,0
3167,0
3168,0
3169,0
3170,0
3171,0
3172,0
3173,0
3174,14
3175,200
3176,425
3177,621
3178,766
3179,841
3180,848
3181,782
3182,653
3183,469
3184,253
3185,33
3186,0
3187,0
3188,0
3189,0
3190,0
3191,0
3192,0
3193,0
3194,0
3195,0
3196,0
3197,0
3198,14
3199,202
3200,433
3201,630
3202,775
3203,856
3204,863
3205,799
3206,670
3207,482
3208,261
3209,36
3210,0
3211,0
3212,0
3213,0
3214,0
3215,0
3216,0
3217,0
3218,0
3219,0
3220,0
3221,0
3222,15
3223,209
3224,438
3225,638
3226,784
3227,866
3228,872
3229,804
3230,674
3231,487
3232,264
3233,51
3234,0
3235,0
3236,0
3237,0
3238,0
3239,0
3240,0
3241,0
3242,0
3243,0
3244,0
3245,0
3246,14
3247,209
3248,438
3249,638
3250,785
3251,865
3252,871
3253,805
3254,674
3255,486
3256,263
3257,50
3258,0
3259,0
3260,0
3261,0
3262,0
3263,0
3264,0
3265,0
3266,0
3267,0
3268,0
3269,0
3270,13
3271,202
3272,428
3273,626
3274,771
3275,851
3276,857
3277,790
3278,655
3279,468
3280,249
3281,45
3282,0
3283,0
3284,0
3285,0
3286,0
3287,0
3288,0
3289,0
3290,0
3291,0
3292,0
3293,0
3294,11
3295,191
3296,412
3297,607
3298,753
3299,751
3300,764
3301,781
3302,652
3303,468
3304,252
3305,46
3306,0
3307,0
3308,0
3309,0
3310,0
3311,0
3312,0
3313,0
3314,0
3315,0
3316,0
3317,0
3318,12
3319,200
3320,429
3321,629
3322,776
3323,854
3324,861
3325,791
3326,662
3327,472
3328,251
3329,45
3330,0
3331,0
3332,0
3333,0
3334,0
3335,0
3336,0
3337,0
3338,0
3339,0
3340,0
3341,0
3342,9
3343,187
3344,410
3345,608
3346,753
3347,833
3348,626
3349,671
3350,647
3351,460
3352,246
3353,43
3354,0
3355,0
3356,0
3357,0
3358,0
3359,0
3360,0
3361,0
3362,0
3363,0
3364,0
3365,0
3366,4
3367,192
3368,405
3369,600
3370,745
3371,824
3372,833
3373,769
3374,508
3375,461
3376,245
3377,43
3378,0
3379,0
3380,0
3381,0
3382,0
3383,0
3384,0
3385,0
3386,0
3387,0
3388,0
3389,0
3390,0
3391,184
3392,403
3393,596
3394,740
3395,821
3396,829
3397,764
3398,637
3399,455
3400,241
3401,42
3402,0
3403,0
3404,0
3405,0
3406,0
3407,0
3408,0
3409,0
3410,0
3411,0
3412,0
3413,0
3414,0
3415,184
3416,408
3417,603
3418,749
3419,828
3420,839
3421,535
3422,530
3423,385
3424,195
3425,44
3426,0
3427,0
3428,0
3429,0
3430,0
3431,0
3432,0
3433,0
3434,0
3435,0
3436,0
3437,0
3438,0
3439,188
3440,396
3441,607
3442,751
3443,829
3444,834
3445,708
3446,638
3447,256
3448,186
3449,42
3450,0
3451,0
3452,0
3453,0
3454,0
3455,0
3456,0
3457,0
3458,0
3459,0
3460,0
3461,0
3462,0
3463,181
3464,402
3465,595
3466,737
3467,817
3468,822
3469,755
3470,545
3471,383
3472,213
3473,28
3474,0
3475,0
3476,0
3477,0
3478,0
3479,0
3480,0
3481,0
3482,0
3483,0
3484,0
3485,0
3486,0
3487,183
3488,405
3489,601
3490,746
3491,826
3492,835
3493,773
3494,641
3495,458
3496,243
3497,42
3498,0
3499,0
3500,0
3501,0
3502,0
3503,0
3504,0
3505,0
3506,0
3507,0
3508,0
3509,0
3510,0
3511,183
3512,402
3513,595
3514,736
3515,818
3516,825
3517,762
3518,44
3519,455
3520,242
3521,42
3522,0
3523,0
3524,0
3525,0
3526,0
3527,0
3528,0
3529,0
3530,0
3531,0
3532,0
3533,0
3534,0
3535,182
3536,401
3537,593
3538,735
3539,814
3540,607
3541,761
3542,634
3543,454
3544,241
3545,42
3546,0
3547,0
3548,0
3549,0
3550,0
3551,0
3552,0
3553,0
3554,0
3555,0
3556,0
3557,0
3558,0
3559,179
3560,394
3561,585
3562,725
3563,806
3564,816
3565,658
3566,538
3567,380
3568,168
3569,29
3570,0
3571,0
3572,0
3573,0
3574,0
3575,0
3576,0
3577,0
3578,0
3579,0
3580,0
3581,0
3582,0
3583,180
3584,397
3585,588
3586,618
3587,808
3588,512
3589,642
3590,514
3591,372
3592,188
3593,26
3594,0
3595,0
3596,0
3597,0
3598,0
3599,0
3600,0
3601,0
3602,0
3603,0
3604,0
3605,0
3606,0
3607,7
3608,166
3609,413
3610,706
3611,670
3612,797
3613,737
3614,411
3615,444
3616,236
3617,41
3618,0
3619,0
3620,0
3621,0
3622,0
3623,0
3624,0
3625,0
3626,0
3627,0
3628,0
3629,0
3630,0
3631,170
3632,383
3633,574
3634,715
3635,792
3636,800
3637,736
3638,537
3639,277
3640,75
3641,28
3642,0
3643,0
3644,0
3645,0
3646,0
3647,0
3648,0
3649,0
3650,0
3651,0
3652,0
3653,0
3654,0
3655,173
3656,389
3657,580
3658,722
3659,803
3660,813
3661,583
3662,627
3663,450
3664,241
3665,43
3666,0
3667,0
3668,0
3669,0
3670,0
3671,0
3672,0
3673,0
3674,0
3675,0
3676,0
3677,0
3678,0
3679,172
3680,388
3681,579
3682,722
3683,804
3684,813
3685,753
3686,626
3687,448
3688,156
3689,42
3690,0
3691,0
3692,0
3693,0
3694,0
3695,0
3696,0
3697,0
3698,0
3699,0
3700,0
3701,0
3702,0
3703,170
3704,383
3705,574
3706,717
3707,799
3708,810
3709,675
3710,543
3711,450
3712,241
3713,43
3714,0
3715,0
3716,0
3717,0
3718,0
3719,0
3720,0
3721,0
3722,0
3723,0
3724,0
3725,0
3726,0
3727,168
3728,384
3729,575
3730,718
3731,802
3732,813
3733,755
3734,633
3735,458
3736,247
3737,45
3738,0
3739,0
3740,0
3741,0
3742,0
3743,0
3744,0
3745,0
3746,0
3747,0
3748,0
3749,0
3750,0
3751,173
3752,391
3753,585
3754,728
3755,804
3756,815
3757,752
3758,537
3759,446
3760,236
3761,30
3762,0
3763,0
3764,0
3765,0
3766,0
3767,0
3768,0
3769,0
3770,0
3771,0
3772,0
3773,0
3774,0
3775,132
3776,346
3777,565
3778,706
3779,786
3780,365
3781,507
3782,322
3783,435
3784,230
3785,39
3786,0
3787,0
3788,0
3789,0
3790,0
3791,0
3792,0
3793,0
3794,0
3795,0
3796,0
3797,0
3798,0
3799,161
3800,372
3801,562
3802,704
3803,786
3804,797
3805,546
3806,293
3807,71
3808,233
3809,40
3810,0
3811,0
3812,0
3813,0
3814,0
3815,0
3816,0
3817,0
3818,0
3819,0
3820,0
3821,0
3822,0
3823,160
3824,376
3825,568
3826,711
3827,791
3828,804
3829,745
3830,622
3831,447
3832,239
3833,43
3834,0
3835,0
3836,0
3837,0
3838,0
3839,0
3840,0
3841,0
3842,0
3843,0
3844,0
3845,0
3846,0
3847,161
3848,374
3849,565
3850,708
3851,791
3852,803
3853,745
3854,623
3855,376
3856,241
3857,44
3858,0
3859,0
3860,0
3861,0
3862,0
3863,0
3864,0
3865,0
3866,0
3867,0
3868,0
3869,0
3870,0
3871,161
3872,373
3873,561
3874,703
3875,783
3876,796
3877,379
3878,464
3879,289
3880,142
3881,23
3882,0
3883,0
3884,0
3885,0
3886,0
3887,0
3888,0
3889,0
3890,0
3891,0
3892,0
3893,0
3894,0
3895,157
3896,368
3897,557
3898,698
3899,780
3900,793
3901,737
3902,286
3903,70
3904,136
3905,44
3906,0
3907,0
3908,0
3909,0
3910,0
3911,0
3912,0
3913,0
3914,0
3915,0
3916,0
3917,0
3918,0
3919,151
3920,359
3921,546
3922,687
3923,367
3924,547
3925,528
3926,609
3927,438
3928,234
3929,43
3930,0
3931,0
3932,0
3933,0
3934,0
3935,0
3936,0
3937,0
3938,0
3939,0
3940,0
3941,0
3942,0
3943,153
3944,360
3945,549
3946,692
3947,774
3948,787
3949,730
3950,612
3951,439
3952,236
3953,25
3954,0
3955,0
3956,0
3957,0
3958,0
3959,0
3960,0
3961,0
3962,0
3963,0
3964,0
3965,0
3966,0
3967,155
3968,366
3969,493
3970,645
3971,639
3972,629
3973,737
3974,619
3975,446
3976,240
3977,45
3978,0
3979,0
3980,0
3981,0
3982,0
3983,0
3984,0
3985,0
3986,0
3987,0
3988,0
3989,0
3990,0
3991,157
3992,367
3993,558
3994,701
3995,785
3996,798
3997,740
3998,620
3999,446
4000,240
4001,45
4002,0
4003,0
4004,0
4005,0
4006,0
4007,0
4008,0
4009,0
4010,0
4011,0
4012,0
4013,0
4014,0
4015,160
4016,376
4017,567
4018,711
4019,792
4020,805
4021,645
4022,629
4023,374
4024,248
4025,48
4026,0
4027,0
4028,0
4029,0
4030,0
4031,0
4032,0
4033,0
4034,0
4035,0
4036,0
4037,0
4038,0
4039,166
4040,384
4041,579
4042,726
4043,812
4044,824
4045,767
4046,645
4047,468
4048,257
4049,52
4050,0
4051,0
4052,0
4053,0
4054,0
4055,0
4056,0
4057,0
4058,0
4059,0
4060,0
4061,0
4062,0
4063,167
4064,386
4065,580
4066,725
4067,808
4068,820
4069,762
4070,639
4071,462
4072,251
4073,49
4074,0
4075,0
4076,0
4077,0
4078,0
4079,0
4080,0
4081,0
4082,0
4083,0
4084,0
4085,0
4086,0
4087,156
4088,369
4089,562
4090,708
4091,794
4092,807
4093,751
4094,630
4095,455
4096,247
4097,35
4098,0
4099,0
4100,0
4101,0
4102,0
4103,0
4104,0
4105,0
4106,0
4107,0
4108,0
4109,0
4110,0
4111,154
4112,374
4113,572
4114,721
4115,807
4116,822
4117,766
4118,645
4119,469
4120,257
4121,52
4122,0
4123,0
4124,0
4125,0
4126,0
4127,0
4128,0
4129,0
4130,0
4131,0
4132,0
4133,0
4134,0
4135,158
4136,375
4137,570
4138,716
4139,800
4140,815
4141,757
4142,634
4143,459
4144,250
4145,50
4146,0
4147,0
4148,0
4149,0
4150,0
4151,0
4152,0
4153,0
4154,0
4155,0
4156,0
4157,0
4158,0
4159,157
4160,374
4161,569
4162,715
4163,738
4164,479
4165,583
4166,454
4167,457
4168,246
4169,47
4170,0
4171,0
4172,0
4173,0
4174,0
4175,0
4176,0
4177,0
4178,0
4179,0
4180,0
4181,0
4182,0
4183,147
4184,354
4185,548
4186,696
4187,777
4188,535
4189,729
4190,543
4191,435
4192,231
4193,34
4194,0
4195,0
4196,0
4197,0
4198,0
4199,0
4200,0
4201,0
4202,0
4203,0
4204,0
4205,0
4206,0
4207,119
4208,329
4209,411
4210,353
4211,379
4212,577
4213,738
4214,507
4215,451
4216,150
4217,39
4218,0
4219,0
4220,0
4221,0
4222,0
4223,0
4224,0
4225,0
4226,0
4227,0
4228,0
4229,0
4230,0
4231,158
4232,375
4233,570
4234,716
4235,801
4236,817
4237,763
4238,645
4239,470
4240,260
4241,54
4242,0
4243,0
4244,0
4245,0
4246,0
4247,0
4248,0
4249,0
4250,0
4251,0
4252,0
4253,0
4254,0
4255,152
4256,368
4257,562
4258,710
4259,791
4260,806
4261,752
4262,622
4263,441
4264,230
4265,36
4266,0
4267,0
4268,0
4269,0
4270,0
4271,0
4272,0
4273,0
4274,0
4275,0
4276,0
4277,0
4278,0
4279,115
4280,311
4281,504
4282,654
4283,782
4284,801
4285,749
4286,633
4287,460
4288,254
4289,53
4290,0
4291,0
4292,0
4293,0
4294,0
4295,0
4296,0
4297,0
4298,0
4299,0
4300,0
4301,0
4302,0
4303,158
4304,377
4305,574
4306,723
4307,808
4308,828
4309,774
4310,651
4311,476
4312,264
4313,57
4314,0
4315,0
4316,0
4317,0
4318,0
4319,0
4320,0
4321,0
4322,0
4323,0
4324,0
4325,0
4326,0
4327,160
4328,384
4329,585
4330,737
4331,823
4332,841
4333,788
4334,664
4335,487
4336,272
4337,59
4338,0
4339,0
4340,0
4341,0
4342,0
4343,0
4344,0
4345,0
4346,0
4347,0
4348,0
4349,0
4350,0
4351,158
4352,382
4353,583
4354,736
4355,825
4356,845
4357,792
4358,671
4359,494
4360,280
4361,64
4362,0
4363,0
4364,0
4365,0
4366,0
4367,0
4368,0
4369,0
4370,0
4371,0
4372,0
4373,0
4374,0
4375,162
4376,384
4377,583
4378,732
4379,818
4380,835
4381,782
4382,659
4383,484
4384,271
4385,61
4386,0
4387,0
4388,0
4389,0
4390,0
4391,0
4392,0
4393,0
4394,0
4395,0
4396,0
4397,0
4398,0
4399,161
4400,383
4401,582
4402,732
4403,819
4404,839
4405,786
4406,665
4407,489
4408,276
4409,63
4410,0
4411,0
4412,0
4413,0
4414,0
4415,0
4416,0
4417,0
4418,0
4419,0
4420,0
4421,0
4422,0
4423,159
4424,381
4425,580
4426,730
4427,818
4428,838
4429,783
4430,663
4431,488
4432,274
4433,63
4434,0
4435,0
4436,0
4437,0
4438,0
4439,0
4440,0
4441,0
4442,0
4443,0
4444,0
4445,0
4446,0
4447,153
4448,370
4449,566
4450,716
4451,806
4452,826
4453,775
4454,654
4455,481
4456,270
4457,41
4458,0
4459,0
4460,0
4461,0
4462,0
4463,0
4464,0
4465,0
4466,0
4467,0
4468,0
4469,0
4470,0
4471,154
4472,375
4473,575
4474,727
4475,817
4476,835
4477,783
4478,662
4479,485
4480,274
4481,63
4482,0
4483,0
4484,0
4485,0
4486,0
4487,0
4488,0
4489,0
4490,0
4491,0
4492,0
4493,0
4494,0
4495,157
4496,380
4497,578
4498,729
4499,818
4500,837
4501,785
4502,662
4503,486
4504,274
4505,63
4506,0
4507,0
4508,0
4509,0
4510,0
4511,0
4512,0
4513,0
4514,0
4515,0
4516,0
4517,0
4518,0
4519,153
4520,373
4521,572
4522,724
4523,814
4524,832
4525,781
4526,663
4527,489
4528,278
4529,66
4530,0
4531,0
4532,0
4533,0
4534,0
4535,0
4536,0
4537,0
4538,0
4539,0
4540,0
4541,0
4542,0
4543,156
4544,375
4545,573
4546,725
4547,812
4548,832
4549,781
4550,662
4551,488
4552,276
4553,66
4554,0
4555,0
4556,0
4557,0
4558,0
4559,0
4560,0
4561,0
4562,0
4563,0
4564,0
4565,0
4566,0
4567,157
4568,379
4569,582
4570,736
4571,829
4572,850
4573,798
4574,679
4575,502
4576,286
4577,70
4578,0
4579,0
4580,0
4581,0
4582,0
4583,0
4584,0
4585,0
4586,0
4587,0
4588,0
4589,0
4590,0
4591,160
4592,385
4593,583
4594,735
4595,824
4596,845
4597,792
4598,671
4599,496
4600,283
4601,69
4602,0
4603,0
4604,0
4605,0
4606,0
4607,0
4608,0
4609,0
4610,0
4611,0
4612,0
4613,0
4614,0
4615,152
4616,372
4617,571
4618,724
4619,814
4620,645
4621,579
4622,543
4623,391
4624,276
4625,46
4626,0
4627,0
4628,0
4629,0
4630,0
4631,0
4632,0
4633,0
4634,0
4635,0
4636,0
4637,0
4638,0
4639,150
4640,370
4641,569
4642,722
4643,589
4644,837
4645,786
4646,669
4647,495
4648,283
4649,70
4650,0
4651,0
4652,0
4653,0
4654,0
4655,0
4656,0
4657,0
4658,0
4659,0
4660,0
4661,0
4662,0
4663,148
4664,369
4665,571
4666,726
4667,818
4668,840
4669,788
4670,673
4671,497
4672,282
4673,69
4674,0
4675,0
4676,0
4677,0
4678,0
4679,0
4680,0
4681,0
4682,0
4683,0
4684,0
4685,0
4686,0
4687,155
4688,380
4689,581
4690,736
4691,829
4692,851
4693,798
4694,680
4695,504
4696,290
4697,74
4698,0
4699,0
4700,0
4701,0
4702,0
4703,0
4704,0
4705,0
4706,0
4707,0
4708,0
4709,0
4710,0
4711,160
4712,385
4713,587
4714,741
4715,834
4716,854
4717,803
4718,682
4719,506
4720,132
4721,74
4722,0
4723,0
4724,0
4725,0
4726,0
4727,0
4728,0
4729,0
4730,0
4731,0
4732,0
4733,0
4734,0
4735,154
4736,377
4737,577
4738,732
4739,826
4740,848
4741,797
4742,447
4743,502
4744,288
4745,73
4746,0
4747,0
4748,0
4749,0
4750,0
4751,0
4752,0
4753,0
4754,0
4755,0
4756,0
4757,0
4758,0
4759,76
4760,376
4761,579
4762,734
4763,827
4764,850
4765,510
4766,678
4767,502
4768,287
4769,73
4770,0
4771,0
4772,0
4773,0
4774,0
4775,0
4776,0
4777,0
4778,0
4779,0
4780,0
4781,0
4782,0
4783,155
4784,379
4785,584
4786,741
4787,833
4788,662
4789,807
4790,687
4791,508
4792,293
4793,75
4794,0
4795,0
4796,0
4797,0
4798,0
4799,0
4800,0
4801,0
4802,0
4803,0
4804,0
4805,0
4806,0
4807,92
4808,388
4809,593
4810,751
4811,846
4812,868
4813,817
4814,696
4815,518
4816,300
4817,78
4818,0
4819,0
4820,0
4821,0
4822,0
4823,0
4824,0
4825,0
4826,0
4827,0
4828,0
4829,0
4830,0
4831,165
4832,394
4833,601
4834,758
4835,851
4836,873
4837,820
4838,697
4839,518
4840,300
4841,78
4842,0
4843,0
4844,0
4845,0
4846,0
4847,0
4848,0
4849,0
4850,0
4851,0
4852,0
4853,0
4854,0
4855,165
4856,393
4857,599
4858,759
4859,858
4860,882
4861,831
4862,710
4863,528
4864,308
4865,82
4866,0
4867,0
4868,0
4869,0
4870,0
4871,0
4872,0
4873,0
4874,0
4875,0
4876,0
4877,0
4878,0
4879,165
4880,395
4881,600
4882,758
4883,853
4884,876
4885,823
4886,701
4887,523
4888,304
4889,82
4890,0
4891,0
4892,0
4893,0
4894,0
4895,0
4896,0
4897,0
4898,0
4899,0
4900,0
4901,0
4902,0
4903,166
4904,397
4905,604
4906,764
4907,859
4908,882
4909,831
4910,710
4911,529
4912,309
4913,84
4914,0
4915,0
4916,0
4917,0
4918,0
4919,0
4920,0
4921,0
4922,0
4923,0
4924,0
4925,0
4926,0
4927,168
4928,397
4929,604
4930,763
4931,856
4932,879
4933,828
4934,706
4935,528
4936,309
4937,85
4938,0
4939,0
4940,0
4941,0
4942,0
4943,0
4944,0
4945,0
4946,0
4947,0
4948,0
4949,0
4950,0
4951,168
4952,395
4953,600
4954,754
4955,847
4956,868
4957,816
4958,693
4959,515
4960,297
4961,78
4962,0
4963,0
4964,0
4965,0
4966,0
4967,0
4968,0
4969,0
4970,0
4971,0
4972,0
4973,0
4974,0
4975,168
4976,400
4977,607
4978,766
4979,861
4980,881
4981,829
4982,707
4983,527
4984,307
4985,84
4986,0
4987,0
4988,0
4989,0
4990,0
4991,0
4992,0
4993,0
4994,0
4995,0
4996,0
4997,0
4998,0
4999,167
5000,395
5001,601
5002,759
5003,854
5004,877
5005,825
5006,701
5007,521
5008,302
5009,80
5010,0
5011,0
5012,0
5013,0
5014,0
5015,0
5016,0
5017,0
5018,0
5019,0
5020,0
5021,0
5022,0
5023,168
5024,398
5025,606
5026,765
5027,848
5028,870
5029,816
5030,695
5031,516
5032,297
5033,53
5034,0
5035,0
5036,0
5037,0
5038,0
5039,0
5040,0
5041,0
5042,0
5043,0
5044,0
5045,0
5046,0
5047,166
5048,394
5049,599
5050,757
5051,850
5052,870
5053,819
5054,701
5055,523
5056,304
5057,84
5058,0
5059,0
5060,0
5061,0
5062,0
5063,0
5064,0
5065,0
5066,0
5067,0
5068,0
5069,0
5070,0
5071,167
5072,395
5073,602
5074,758
5075,854
5076,877
5077,826
5078,703
5079,524
5080,305
5081,84
5082,0
5083,0
5084,0
5085,0
5086,0
5087,0
5088,0
5089,0
5090,0
5091,0
5092,0
5093,0
5094,0
5095,169
5096,398
5097,606
5098,766
5099,861
5100,884
5101,832
5102,709
5103,527
5104,306
5105,83
5106,0
5107,0
5108,0
5109,0
5110,0
5111,0
5112,0
5113,0
5114,0
5115,0
5116,0
5117,0
5118,0
5119,171
5120,401
5121,610
5122,770
5123,868
5124,891
5125,693
5126,331
5127,205
5128,175
5129,85
5130,0
5131,0
5132,0
5133,0
5134,0
5135,0
5136,0
5137,0
5138,0
5139,0
5140,0
5141,0
5142,0
5143,176
5144,410
5145,621
5146,780
5147,876
5148,895
5149,841
5150,715
5151,532
5152,310
5153,86
5154,0
5155,0
5156,0
5157,0
5158,0
5159,0
5160,0
5161,0
5162,0
5163,0
5164,0
5165,0
5166,0
5167,168
5168,318
5169,607
5170,690
5171,742
5172,715
5173,837
5174,710
5175,436
5176,220
5177,84
5178,0
5179,0
5180,0
5181,0
5182,0
5183,0
5184,0
5185,0
5186,0
5187,0
5188,0
5189,0
5190,0
5191,133
5192,241
5193,528
5194,672
5195,726
5196,878
5197,666
5198,523
5199,527
5200,268
5201,60
5202,0
5203,0
5204,0
5205,0
5206,0
5207,0
5208,0
5209,0
5210,0
5211,0
5212,0
5213,0
5214,0
5215,174
5216,400
5217,611
5218,772
5219,869
5220,892
5221,839
5222,709
5223,527
5224,306
5225,83
5226,0
5227,0
5228,0
5229,0
5230,0
5231,0
5232,0
5233,0
5234,0
5235,0
5236,0
5237,0
5238,0
5239,173
5240,401
5241,608
5242,765
5243,672
5244,882
5245,620
5246,484
5247,526
5248,306
5249,84
5250,0
5251,0
5252,0
5253,0
5254,0
5255,0
5256,0
5257,0
5258,0
5259,0
5260,0
5261,0
5262,0
5263,88
5264,400
5265,611
5266,776
5267,871
5268,895
5269,841
5270,718
5271,535
5272,311
5273,86
5274,0
5275,0
5276,0
5277,0
5278,0
5279,0
5280,0
5281,0
5282,0
5283,0
5284,0
5285,0
5286,0
5287,185
5288,422
5289,632
5290,793
5291,888
5292,907
5293,851
5294,612
5295,536
5296,312
5297,86
5298,0
5299,0
5300,0
5301,0
5302,0
5303,0
5304,0
5305,0
5306,0
5307,0
5308,0
5309,0
5310,0
5311,188
5312,423
5313,632
5314,791
5315,879
5316,838
5317,839
5318,712
5319,529
5320,308
5321,85
5322,0
5323,0
5324,0
5325,0
5326,0
5327,0
5328,0
5329,0
5330,0
5331,0
5332,0
5333,0
5334,0
5335,168
5336,388
5337,615
5338,776
5339,727
5340,746
5341,268
5342,187
5343,264
5344,38
5345,73
5346,0
5347,0
5348,0
5349,0
5350,0
5351,0
5352,0
5353,0
5354,0
5355,0
5356,0
5357,0
5358,0
5359,156
5360,358
5361,635
5362,797
5363,892
5364,910
5365,687
5366,729
5367,543
5368,315
5369,89
5370,0
5371,0
5372,0
5373,0
5374,0
5375,0
5376,0
5377,0
5378,0
5379,0
5380,0
5381,0
5382,0
5383,119
5384,427
5385,644
5386,675
5387,902
5388,709
5389,705
5390,500
5391,557
5392,265
5393,52
5394,0
5395,0
5396,0
5397,0
5398,0
5399,0
5400,0
5401,0
5402,0
5403,0
5404,0
5405,0
5406,0
5407,25
5408,431
5409,645
5410,805
5411,776
5412,788
5413,849
5414,554
5415,531
5416,267
5417,65
5418,0
5419,0
5420,0
5421,0
5422,0
5423,0
5424,0
5425,0
5426,0
5427,0
5428,0
5429,0
5430,0
5431,91
5432,424
5433,566
5434,606
5435,759
5436,751
5437,585
5438,539
5439,543
5440,271
5441,66
5442,0
5443,0
5444,0
5445,0
5446,0
5447,0
5448,0
5449,0
5450,0
5451,0
5452,0
5453,0
5454,0
5455,195
5456,307
5457,648
5458,682
5459,906
5460,791
5461,875
5462,748
5463,559
5464,329
5465,95
5466,0
5467,0
5468,0
5469,0
5470,0
5471,0
5472,0
5473,0
5474,0
5475,0
5476,0
5477,0
5478,0
5479,205
5480,444
5481,657
5482,816
5483,908
5484,922
5485,862
5486,724
5487,534
5488,308
5489,83
5490,0
5491,0
5492,0
5493,0
5494,0
5495,0
5496,0
5497,0
5498,0
5499,0
5500,0
5501,0
5502,0
5503,168
5504,380
5505,585
5506,743
5507,840
5508,861
5509,807
5510,685
5511,447
5512,245
5513,65
5514,0
5515,0
5516,0
5517,0
5518,0
5519,0
5520,0
5521,0
5522,0
5523,0
5524,0
5525,0
5526,2
5527,155
5528,377
5529,582
5530,681
5531,794
5532,738
5533,567
5534,36
5535,470
5536,256
5537,51
5538,0
5539,0
5540,0
5541,0
5542,0
5543,0
5544,0
5545,0
5546,0
5547,0
5548,0
5549,0
5550,5
5551,177
5552,395
5553,603
5554,765
5555,861
5556,883
5557,827
5558,712
5559,25
5560,146
5561,66
5562,0
5563,0
5564,0
5565,0
5566,0
5567,0
5568,0
5569,0
5570,0
5571,0
5572,0
5573,0
5574,10
5575,204
5576,442
5577,656
5578,821
5579,901
5580,921
5581,861
5582,720
5583,533
5584,306
5585,83
5586,0
5587,0
5588,0
5589,0
5590,0
5591,0
5592,0
5593,0
5594,0
5595,0
5596,0
5597,0
5598,13
5599,215
5600,455
5601,665
5602,826
5603,902
5604,919
5605,574
5606,602
5607,538
5608,310
5609,71
5610,0
5611,0
5612,0
5613,0
5614,0
5615,0
5616,0
5617,0
5618,0
5619,0
5620,0
5621,0
5622,7
5623,213
5624,415
5625,623
5626,779
5627,865
5628,883
5629,701
5630,497
5631,145
5632,256
5633,51
5634,0
5635,0
5636,0
5637,0
5638,0
5639,0
5640,0
5641,0
5642,0
5643,0
5644,0
5645,0
5646,10
5647,195
5648,429
5649,640
5650,802
5651,877
5652,895
5653,623
5654,614
5655,446
5656,184
5657,72
5658,0
5659,0
5660,0
5661,0
5662,0
5663,0
5664,0
5665,0
5666,0
5667,0
5668,0
5669,0
5670,9
5671,192
5672,407
5673,613
5674,765
5675,764
5676,692
5677,567
5678,571
5679,352
5680,256
5681,68
5682,0
5683,0
5684,0
5685,0
5686,0
5687,0
5688,0
5689,0
5690,0
5691,0
5692,0
5693,0
5694,8
5695,158
5696,67
5697,121
5698,274
5699,594
5700,768
5701,793
5702,681
5703,495
5704,279
5705,65
5706,0
5707,0
5708,0
5709,0
5710,0
5711,0
5712,0
5713,0
5714,0
5715,0
5716,0
5717,0
5718,7
5719,46
5720,152
5721,331
5722,542
5723,412
5724,780
5725,429
5726,257
5727,239
5728,287
5729,72
5730,0
5731,0
5732,0
5733,0
5734,0
5735,0
5736,0
5737,0
5738,0
5739,0
5740,0
5741,0
5742,10
5743,195
5744,428
5745,637
5746,797
5747,890
5748,515
5749,179
5750,511
5751,356
5752,281
5753,76
5754,0
5755,0
5756,0
5757,0
5758,0
5759,0
5760,0
5761,0
5762,0
5763,0
5764,0
5765,0
5766,16
5767,122
5768,443
5769,653
5770,810
5771,903
5772,272
5773,173
5774,661
5775,25
5776,258
5777,67
5778,0
5779,0
5780,0
5781,0
5782,0
5783,0
5784,0
5785,0
5786,0
5787,0
5788,0
5789,0
5790,9
5791,139
5792,418
5793,511
5794,777
5795,747
5796,886
5797,828
5798,602
5799,524
5800,153
5801,38
5802,0
5803,0
5804,0
5805,0
5806,0
5807,0
5808,0
5809,0
5810,0
5811,0
5812,0
5813,0
5814,16
5815,183
5816,391
5817,376
5818,594
5819,507
5820,790
5821,856
5822,734
5823,546
5824,318
5825,61
5826,0
5827,0
5828,0
5829,0
5830,0
5831,0
5832,0
5833,0
5834,0
5835,0
5836,0
5837,0
5838,23
5839,181
5840,463
5841,603
5842,685
5843,917
5844,933
5845,696
5846,607
5847,550
5848,321
5849,91
5850,0
5851,0
5852,0
5853,0
5854,0
5855,0
5856,0
5857,0
5858,0
5859,0
5860,0
5861,0
5862,17
5863,161
5864,433
5865,556
5866,727
5867,795
5868,820
5869,565
5870,663
5871,549
5872,320
5873,49
5874,0
5875,0
5876,0
5877,0
5878,0
5879,0
5880,0
5881,0
5882,0
5883,0
5884,0
5885,0
5886,17
5887,228
5888,464
5889,673
5890,830
5891,921
5892,736
5893,498
5894,442
5895,422
5896,315
5897,71
5898,0
5899,0
5900,0
5901,0
5902,0
5903,0
5904,0
5905,0
5906,0
5907,0
5908,0
5909,0
5910,19
5911,241
5912,483
5913,698
5914,859
5915,953
5916,967
5917,905
5918,763
5919,567
5920,330
5921,94
5922,0
5923,0
5924,0
5925,0
5926,0
5927,0
5928,0
5929,0
5930,0
5931,0
5932,0
5933,0
5934,20
5935,182
5936,486
5937,701
5938,862
5939,944
5940,958
5941,892
5942,641
5943,465
5944,119
5945,74
5946,0
5947,0
5948,0
5949,0
5950,0
5951,0
5952,0
5953,0
5954,0
5955,0
5956,0
5957,0
5958,17
5959,79
5960,63
5961,412
5962,827
5963,916
5964,211
5965,862
5966,734
5967,538
5968,308
5969,83
5970,0
5971,0
5972,0
5973,0
5974,0
5975,0
5976,0
5977,0
5978,0
5979,0
5980,0
5981,0
5982,20
5983,239
5984,476
5985,688
5986,846
5987,933
5988,943
5989,765
5990,323
5991,536
5992,89
5993,49
5994,0
5995,0
5996,0
5997,0
5998,0
5999,0
6000,0
6001,0
6002,0
6003,0
6004,0
6005,0
6006,25
6007,232
6008,427
6009,680
6010,738
6011,670
6012,822
6013,708
6014,180
6015,333
6016,258
6017,93
6018,0
6019,0
6020,0
6021,0
6022,0
6023,0
6024,0
6025,0
6026,0
6027,0
6028,0
6029,0
6030,33
6031,244
6032,481
6033,691
6034,846
6035,933
6036,943
6037,752
6038,739
6039,284
6040,313
6041,86
6042,0
6043,0
6044,0
6045,0
6046,0
6047,0
6048,0
6049,0
6050,0
6051,0
6052,0
6053,0
6054,26
6055,260
6056,507
6057,723
6058,883
6059,972
6060,982
6061,775
6062,774
6063,415
6064,335
6065,96
6066,0
6067,0
6068,0
6069,0
6070,0
6071,0
6072,0
6073,0
6074,0
6075,0
6076,0
6077,0
6078,29
6079,194
6080,512
6081,730
6082,892
6083,983
6084,863
6085,927
6086,779
6087,577
6088,335
6089,94
6090,0
6091,0
6092,0
6093,0
6094,0
6095,0
6096,0
6097,0
6098,0
6099,0
6100,0
6101,0
6102,30
6103,263
6104,507
6105,723
6106,882
6107,947
6108,921
6109,821
6110,728
6111,527
6112,273
6113,73
6114,0
6115,0
6116,0
6117,0
6118,0
6119,0
6120,0
6121,0
6122,0
6123,0
6124,0
6125,0
6126,41
6127,264
6128,498
6129,707
6130,863
6131,944
6132,951
6133,786
6134,661
6135,536
6136,296
6137,70
6138,0
6139,0
6140,0
6141,0
6142,0
6143,0
6144,0
6145,0
6146,0
6147,0
6148,0
6149,0
6150,34
6151,51
6152,381
6153,570
6154,592
6155,808
6156,234
6157,681
6158,615
6159,423
6160,223
6161,67
6162,0
6163,0
6164,0
6165,0
6166,0
6167,0
6168,0
6169,0
6170,0
6171,0
6172,0
6173,0
6174,36
6175,247
6176,349
6177,622
6178,725
6179,794
6180,952
6181,882
6182,279
6183,61
6184,304
6185,66
6186,0
6187,0
6188,0
6189,0
6190,0
6191,0
6192,0
6193,0
6194,0
6195,0
6196,0
6197,0
6198,34
6199,70
6200,340
6201,423
6202,777
6203,859
6204,955
6205,882
6206,642
6207,542
6208,309
6209,83
6210,0
6211,0
6212,0
6213,0
6214,0
6215,0
6216,0
6217,0
6218,0
6219,0
6220,0
6221,0
6222,36
6223,157
6224,480
6225,462
6226,178
6227,882
6228,467
6229,846
6230,737
6231,539
6232,303
6233,77
6234,0
6235,0
6236,0
6237,0
6238,0
6239,0
6240,0
6241,0
6242,0
6243,0
6244,0
6245,0
6246,21
6247,158
6248,392
6249,668
6250,820
6251,907
6252,916
6253,54
6254,52
6255,367
6256,7
6257,64
6258,0
6259,0
6260,0
6261,0
6262,0
6263,0
6264,0
6265,0
6266,0
6267,0
6268,0
6269,0
6270,39
6271,254
6272,494
6273,707
6274,867
6275,947
6276,954
6277,878
6278,662
6279,254
6280,48
6281,46
6282,0
6283,0
6284,0
6285,0
6286,0
6287,0
6288,0
6289,0
6290,0
6291,0
6292,0
6293,0
6294,47
6295,268
6296,514
6297,731
6298,895
6299,977
6300,987
6301,591
6302,164
6303,544
6304,305
6305,77
6306,0
6307,0
6308,0
6309,0
6310,0
6311,0
6312,0
6313,0
6314,0
6315,0
6316,0
6317,0
6318,48
6319,281
6320,524
6321,735
6322,894
6323,981
6324,987
6325,916
6326,766
6327,559
6328,318
6329,83
6330,0
6331,0
6332,0
6333,0
6334,0
6335,0
6336,0
6337,0
6338,0
6339,0
6340,0
6341,0
6342,47
6343,279
6344,531
6345,753
6346,915
6347,987
6348,989
6349,906
6350,760
6351,449
6352,156
6353,74
6354,0
6355,0
6356,0
6357,0
6358,0
6359,0
6360,0
6361,0
6362,0
6363,0
6364,0
6365,0
6366,46
6367,200
6368,509
6369,721
6370,877
6371,958
6372,887
6373,838
6374,669
6375,354
6376,14
6377,71
6378,0
6379,0
6380,0
6381,0
6382,0
6383,0
6384,0
6385,0
6386,0
6387,0
6388,0
6389,0
6390,48
6391,293
6392,546
6393,766
6394,924
6395,978
6396,869
6397,98
6398,654
6399,409
6400,143
6401,71
6402,0
6403,0
6404,0
6405,0
6406,0
6407,0
6408,0
6409,0
6410,0
6411,0
6412,0
6413,0
6414,52
6415,289
6416,518
6417,728
6418,882
6419,961
6420,958
6421,500
6422,49
6423,485
6424,308
6425,66
6426,0
6427,0
6428,0
6429,0
6430,0
6431,0
6432,0
6433,0
6434,0
6435,0
6436,0
6437,0
6438,52
6439,278
6440,506
6441,579
6442,866
6443,954
6444,842
6445,884
6446,739
6447,385
6448,300
6449,44
6450,0
6451,0
6452,0
6453,0
6454,0
6455,0
6456,0
6457,0
6458,0
6459,0
6460,0
6461,0
6462,62
6463,268
6464,533
6465,739
6466,888
6467,901
6468,845
6469,723
6470,32
6471,55
6472,49
6473,41
6474,0
6475,0
6476,0
6477,0
6478,0
6479,0
6480,0
6481,0
6482,0
6483,0
6484,0
6485,0
6486,44
6487,178
6488,517
6489,656
6490,879
6491,956
6492,953
6493,870
6494,739
6495,532
6496,297
6497,72
6498,0
6499,0
6500,0
6501,0
6502,0
6503,0
6504,0
6505,0
6506,0
6507,0
6508,0
6509,0
6510,48
6511,275
6512,507
6513,710
6514,860
6515,950
6516,924
6517,872
6518,740
6519,537
6520,303
6521,77
6522,0
6523,0
6524,0
6525,0
6526,0
6527,0
6528,0
6529,0
6530,0
6531,0
6532,0
6533,0
6534,49
6535,170
6536,214
6537,599
6538,827
6539,963
6540,623
6541,650
6542,585
6543,283
6544,54
6545,47
6546,0
6547,0
6548,0
6549,0
6550,0
6551,0
6552,0
6553,0
6554,0
6555,0
6556,0
6557,0
6558,10
6559,183
6560,544
6561,553
6562,800
6563,846
6564,130
6565,661
6566,730
6567,237
6568,184
6569,39
6570,0
6571,0
6572,0
6573,0
6574,0
6575,0
6576,0
6577,0
6578,0
6579,0
6580,0
6581,0
6582,53
6583,297
6584,534
6585,743
6586,896
6587,807
6588,295
6589,765
6590,440
6591,550
6592,7
6593,33
6594,0
6595,0
6596,0
6597,0
6598,0
6599,0
6600,0
6601,0
6602,0
6603,0
6604,0
6605,0
6606,52
6607,303
6608,527
6609,732
6610,883
6611,831
6612,639
6613,498
6614,414
6615,507
6616,229
6617,75
6618,0
6619,0
6620,0
6621,0
6622,0
6623,0
6624,0
6625,0
6626,0
6627,0
6628,0
6629,0
6630,53
6631,296
6632,538
6633,750
6634,790
6635,941
6636,809
6637,679
6638,685
6639,332
6640,19
6641,45
6642,0
6643,0
6644,0
6645,0
6646,0
6647,0
6648,0
6649,0
6650,0
6651,0
6652,0
6653,0
6654,58
6655,274
6656,455
6657,696
6658,751
6659,919
6660,670
6661,199
6662,56
6663,27
6664,237
6665,60
6666,0
6667,0
6668,0
6669,0
6670,0
6671,0
6672,0
6673,0
6674,0
6675,0
6676,0
6677,0
6678,46
6679,262
6680,500
6681,502
6682,828
6683,835
6684,879
6685,879
6686,525
6687,494
6688,133
6689,39
6690,0
6691,0
6692,0
6693,0
6694,0
6695,0
6696,0
6697,0
6698,0
6699,0
6700,0
6701,0
6702,74
6703,277
6704,539
6705,770
6706,923
6707,998
6708,866
6709,917
6710,702
6711,451
6712,85
6713,89
6714,0
6715,0
6716,0
6717,0
6718,0
6719,0
6720,0
6721,0
6722,0
6723,0
6724,0
6725,0
6726,96
6727,249
6728,546
6729,731
6730,858
6731,953
6732,816
6733,706
6734,347
6735,475
6736,288
6737,64
6738,0
6739,0
6740,0
6741,0
6742,0
6743,0
6744,0
6745,0
6746,0
6747,0
6748,0
6749,0
6750,94
6751,273
6752,576
6753,786
6754,870
6755,998
6756,476
6757,556
6758,185
6759,403
6760,302
6761,73
6762,0
6763,0
6764,0
6765,0
6766,0
6767,0
6768,0
6769,0
6770,0
6771,0
6772,0
6773,0
6774,90
6775,189
6776,49
6777,58
6778,66
6779,221
6780,578
6781,701
6782,646
6783,530
6784,322
6785,68
6786,0
6787,0
6788,0
6789,0
6790,0
6791,0
6792,0
6793,0
6794,0
6795,0
6796,0
6797,0
6798,73
6799,297
6800,474
6801,583
6802,777
6803,934
6804,1008
6805,646
6806,654
6807,571
6808,328
6809,90
6810,0
6811,0
6812,0
6813,0
6814,0
6815,0
6816,0
6817,0
6818,0
6819,0
6820,0
6821,0
6822,95
6823,329
6824,563
6825,738
6826,897
6827,963
6828,1005
6829,753
6830,739
6831,424
6832,334
6833,65
6834,0
6835,0
6836,0
6837,0
6838,0
6839,0
6840,0
6841,0
6842,0
6843,0
6844,0
6845,0
6846,105
6847,344
6848,577
6849,793
6850,750
6851,873
6852,963
6853,616
6854,413
6855,199
6856,114
6857,44
6858,0
6859,0
6860,0
6861,0
6862,0
6863,0
6864,0
6865,0
6866,0
6867,0
6868,0
6869,0
6870,50
6871,99
6872,524
6873,789
6874,936
6875,999
6876,993
6877,594
6878,29
6879,315
6880,154
6881,49
6882,0
6883,0
6884,0
6885,0
6886,0
6887,0
6888,0
6889,0
6890,0
6891,0
6892,0
6893,0
6894,91
6895,284
6896,513
6897,773
6898,942
6899,1015
6900,1010
6901,619
6902,779
6903,531
6904,263
6905,91
6906,0
6907,0
6908,0
6909,0
6910,0
6911,0
6912,0
6913,0
6914,0
6915,0
6916,0
6917,0
6918,90
6919,240
6920,396
6921,560
6922,807
6923,982
6924,1024
6925,944
6926,793
6927,155
6928,273
6929,95
6930,0
6931,0
6932,0
6933,0
6934,0
6935,0
6936,0
6937,0
6938,0
6939,0
6940,0
6941,0
6942,102
6943,337
6944,596
6945,805
6946,955
6947,1034
6948,1033
6949,739
6950,802
6951,591
6952,343
6953,98
6954,0
6955,0
6956,0
6957,0
6958,0
6959,0
6960,0
6961,0
6962,0
6963,0
6964,0
6965,0
6966,128
6967,383
6968,633
6969,843
6970,990
6971,959
6972,908
6973,529
6974,815
6975,600
6976,349
6977,102
6978,0
6979,0
6980,0
6981,0
6982,0
6983,0
6984,0
6985,0
6986,0
6987,0
6988,0
6989,0
6990,119
6991,384
6992,634
6993,792
6994,948
6995,979
6996,1036
6997,908
6998,764
6999,568
7000,323
7001,89
7002,0
7003,0
7004,0
7005,0
7006,0
7007,0
7008,0
7009,0
7010,0
7011,0
7012,0
7013,0
7014,116
7015,359
7016,597
7017,765
7018,920
7019,1020
7020,1010
7021,632
7022,594
7023,439
7024,326
7025,91
7026,0
7027,0
7028,0
7029,0
7030,0
7031,0
7032,0
7033,0
7034,0
7035,0
7036,0
7037,0
7038,120
7039,358
7040,593
7041,788
7042,928
7043,992
7044,980
7045,822
7046,470
7047,463
7048,296
7049,74
7050,0
7051,0
7052,0
7053,0
7054,0
7055,0
7056,0
7057,0
7058,0
7059,0
7060,0
7061,0
7062,39
7063,287
7064,528
7065,712
7066,870
7067,834
7068,621
7069,702
7070,730
7071,532
7072,300
7073,76
7074,0
7075,0
7076,0
7077,0
7078,0
7079,0
7080,0
7081,0
7082,0
7083,0
7084,0
7085,0
7086,84
7087,239
7088,147
7089,320
7090,197
7091,649
7092,850
7093,575
7094,600
7095,447
7096,162
7097,30
7098,0
7099,0
7100,0
7101,0
7102,0
7103,0
7104,0
7105,0
7106,0
7107,0
7108,0
7109,0
7110,73
7111,343
7112,574
7113,742
7114,911
7115,886
7116,765
7117,744
7118,597
7119,502
7120,248
7121,62
7122,0
7123,0
7124,0
7125,0
7126,0
7127,0
7128,0
7129,0
7130,0
7131,0
7132,0
7133,0
7134,95
7135,330
7136,590
7137,758
7138,891
7139,1041
7140,877
7141,799
7142,641
7143,546
7144,38
7145,57
7146,0
7147,0
7148,0
7149,0
7150,0
7151,0
7152,0
7153,0
7154,0
7155,0
7156,0
7157,0
7158,126
7159,360
7160,574
7161,813
7162,957
7163,687
7164,883
7165,628
7166,638
7167,462
7168,207
7169,54
7170,0
7171,0
7172,0
7173,0
7174,0
7175,0
7176,0
7177,0
7178,0
7179,0
7180,0
7181,0
7182,108
7183,310
7184,581
7185,776
7186,910
7187,969
7188,962
7189,887
7190,640
7191,276
7192,320
7193,26
7194,0
7195,0
7196,0
7197,0
7198,0
7199,0
7200,0
7201,0
7202,0
7203,0
7204,0
7205,0
7206,98
7207,237
7208,412
7209,734
7210,844
7211,833
7212,841
7213,830
7214,680
7215,524
7216,301
7217,77
7218,0
7219,0
7220,0
7221,0
7222,0
7223,0
7224,0
7225,0
7226,0
7227,0
7228,0
7229,0
7230,104
7231,329
7232,551
7233,727
7234,842
7235,947
7236,814
7237,861
7238,641
7239,520
7240,148
7241,39
7242,0
7243,0
7244,0
7245,0
7246,0
7247,0
7248,0
7249,0
7250,0
7251,0
7252,0
7253,0
7254,113
7255,244
7256,456
7257,263
7258,296
7259,744
7260,923
7261,874
7262,746
7263,542
7264,310
7265,81
7266,0
7267,0
7268,0
7269,0
7270,0
7271,0
7272,0
7273,0
7274,0
7275,0
7276,0
7277,0
7278,128
7279,344
7280,594
7281,783
7282,905
7283,960
7284,956
7285,882
7286,743
7287,560
7288,321
7289,78
7290,0
7291,0
7292,0
7293,0
7294,0
7295,0
7296,0
7297,0
7298,0
7299,0
7300,0
7301,0
7302,130
7303,376
7304,596
7305,782
7306,911
7307,872
7308,855
7309,803
7310,262
7311,148
7312,182
7313,63
7314,0
7315,0
7316,0
7317,0
7318,0
7319,0
7320,0
7321,0
7322,0
7323,0
7324,0
7325,0
7326,60
7327,162
7328,568
7329,727
7330,874
7331,839
7332,932
7333,896
7334,747
7335,531
7336,310
7337,77
7338,0
7339,0
7340,0
7341,0
7342,0
7343,0
7344,0
7345,0
7346,0
7347,0
7348,0
7349,0
7350,82
7351,325
7352,551
7353,657
7354,637
7355,199
7356,778
7357,825
7358,712
7359,414
7360,254
7361,10
7362,0
7363,0
7364,0
7365,0
7366,0
7367,0
7368,0
7369,0
7370,0
7371,0
7372,0
7373,0
7374,54
7375,42
7376,142
7377,304
7378,234
7379,728
7380,915
7381,781
7382,641
7383,552
7384,289
7385,94
7386,0
7387,0
7388,0
7389,0
7390,0
7391,0
7392,0
7393,0
7394,0
7395,0
7396,0
7397,0
7398,96
7399,367
7400,611
7401,811
7402,952
7403,1022
7404,815
7405,679
7406,511
7407,577
7408,339
7409,104
7410,0
7411,0
7412,0
7413,0
7414,0
7415,0
7416,0
7417,0
7418,0
7419,0
7420,0
7421,0
7422,138
7423,377
7424,597
7425,808
7426,874
7427,959
7428,935
7429,839
7430,684
7431,295
7432,234
7433,50
7434,0
7435,0
7436,0
7437,0
7438,0
7439,0
7440,0
7441,0
7442,0
7443,0
7444,0
7445,0
7446,132
7447,308
7448,564
7449,740
7450,736
7451,940
7452,893
7453,773
7454,701
7455,395
7456,334
7457,72
7458,0
7459,0
7460,0
7461,0
7462,0
7463,0
7464,0
7465,0
7466,0
7467,0
7468,0
7469,0
7470,141
7471,386
7472,600
7473,782
7474,969
7475,936
7476,867
7477,665
7478,763
7479,518
7480,346
7481,110
7482,0
7483,0
7484,0
7485,0
7486,0
7487,0
7488,0
7489,0
7490,0
7491,0
7492,0
7493,0
7494,14
7495,283
7496,508
7497,843
7498,980
7499,1048
7500,912
7501,933
7502,780
7503,567
7504,327
7505,97
7506,0
7507,0
7508,0
7509,0
7510,0
7511,0
7512,0
7513,0
7514,0
7515,0
7516,0
7517,0
7518,147
7519,390
7520,630
7521,830
7522,970
7523,1039
7524,1030
7525,797
7526,247
7527,586
7528,347
7529,112
7530,0
7531,0
7532,0
7533,0
7534,0
7535,0
7536,0
7537,0
7538,0
7539,0
7540,0
7541,0
7542,96
7543,394
7544,633
7545,834
7546,974
7547,1045
7548,1036
7549,951
7550,797
7551,589
7552,347
7553,84
7554,0
7555,0
7556,0
7557,0
7558,0
7559,0
7560,0
7561,0
7562,0
7563,0
7564,0
7565,0
7566,60
7567,387
7568,620
7569,818
7570,963
7571,850
7572,1028
7573,947
7574,248
7575,383
7576,296
7577,110
7578,0
7579,0
7580,0
7581,0
7582,0
7583,0
7584,0
7585,0
7586,0
7587,0
7588,0
7589,0
7590,146
7591,390
7592,617
7593,819
7594,893
7595,975
7596,949
7597,804
7598,626
7599,509
7600,316
7601,43
7602,0
7603,0
7604,0
7605,0
7606,0
7607,0
7608,0
7609,0
7610,0
7611,0
7612,0
7613,0
7614,148
7615,393
7616,630
7617,828
7618,965
7619,1032
7620,1023
7621,941
7622,797
7623,591
7624,351
7625,114
7626,0
7627,0
7628,0
7629,0
7630,0
7631,0
7632,0
7633,0
7634,0
7635,0
7636,0
7637,0
7638,152
7639,402
7640,629
7641,830
7642,971
7643,1040
7644,1033
7645,949
7646,795
7647,587
7648,345
7649,111
7650,0
7651,0
7652,0
7653,0
7654,0
7655,0
7656,0
7657,0
7658,0
7659,0
7660,0
7661,0
7662,145
7663,302
7664,22
7665,79
7666,93
7667,399
7668,664
7669,468
7670,701
7671,529
7672,294
7673,17
7674,0
7675,0
7676,0
7677,0
7678,0
7679,0
7680,0
7681,0
7682,0
7683,0
7684,0
7685,0
7686,128
7687,167
7688,322
7689,310
7690,485
7691,733
7692,509
7693,540
7694,537
7695,451
7696,208
7697,39
7698,0
7699,0
7700,0
7701,0
7702,0
7703,0
7704,0
7705,0
7706,0
7707,0
7708,0
7709,0
7710,122
7711,325
7712,508
7713,692
7714,841
7715,986
7716,980
7717,902
7718,671
7719,566
7720,284
7721,110
7722,0
7723,0
7724,0
7725,0
7726,0
7727,0
7728,0
7729,0
7730,0
7731,0
7732,0
7733,0
7734,64
7735,262
7736,266
7737,194
7738,810
7739,619
7740,951
7741,905
7742,761
7743,54
7744,31
7745,11
7746,0
7747,0
7748,0
7749,0
7750,0
7751,0
7752,0
7753,0
7754,0
7755,0
7756,0
7757,0
7758,70
7759,213
7760,506
7761,674
7762,721
7763,582
7764,143
7765,524
7766,58
7767,307
7768,93
7769,23
7770,0
7771,0
7772,0
7773,0
7774,0
7775,0
7776,0
7777,0
7778,0
7779,0
7780,0
7781,0
7782,118
7783,327
7784,579
7785,744
7786,869
7787,887
7788,882
7789,70
7790,545
7791,85
7792,198
7793,104
7794,0
7795,0
7796,0
7797,0
7798,0
7799,0
7800,0
7801,0
7802,0
7803,0
7804,0
7805,0
7806,125
7807,321
7808,470
7809,726
7810,784
7811,842
7812,855
7813,731
7814,670
7815,569
7816,335
7817,116
7818,0
7819,0
7820,0
7821,0
7822,0
7823,0
7824,0
7825,0
7826,0
7827,0
7828,0
7829,0
7830,118
7831,336
7832,402
7833,732
7834,917
7835,928
7836,996
7837,871
7838,137
7839,23
7840,72
7841,54
7842,0
7843,0
7844,0
7845,0
7846,0
7847,0
7848,0
7849,0
7850,0
7851,0
7852,0
7853,0
7854,139
7855,344
7856,530
7857,713
7858,962
7859,845
7860,1024
7861,944
7862,729
7863,600
7864,363
7865,128
7866,0
7867,0
7868,0
7869,0
7870,0
7871,0
7872,0
7873,0
7874,0
7875,0
7876,0
7877,0
7878,118
7879,340
7880,538
7881,738
7882,789
7883,818
7884,919
7885,972
7886,235
7887,625
7888,385
7889,95
7890,0
7891,0
7892,0
7893,0
7894,0
7895,0
7896,0
7897,0
7898,0
7899,0
7900,0
7901,0
7902,52
7903,26
7904,68
7905,330
7906,706
7907,843
7908,584
7909,646
7910,600
7911,413
7912,281
7913,112
7914,0
7915,0
7916,0
7917,0
7918,0
7919,0
7920,0
7921,0
7922,0
7923,0
7924,0
7925,0
7926,125
7927,254
7928,522
7929,691
7930,749
7931,740
7932,914
7933,500
7934,717
7935,608
7936,375
7937,97
7938,0
7939,0
7940,0
7941,0
7942,0
7943,0
7944,0
7945,0
7946,0
7947,0
7948,0
7949,0
7950,140
7951,269
7952,511
7953,809
7954,954
7955,1034
7956,1036
7957,879
7958,95
7959,79
7960,209
7961,54
7962,0
7963,0
7964,0
7965,0
7966,0
7967,0
7968,0
7969,0
7970,0
7971,0
7972,0
7973,0
7974,151
7975,395
7976,632
7977,833
7978,978
7979,1053
7980,851
7981,674
7982,827
7983,625
7984,385
7985,146
7986,0
7987,0
7988,0
7989,0
7990,0
7991,0
7992,0
7993,0
7994,0
7995,0
7996,0
7997,0
7998,153
7999,400
8000,526
8001,751
8002,979
8003,1053
8004,1052
8005,975
8006,819
8007,565
8008,295
8009,105
8010,0
8011,0
8012,0
8013,0
8014,0
8015,0
8016,0
8017,0
8018,0
8019,0
8020,0
8021,0
8022,76
8023,85
8024,478
8025,569
8026,958
8027,1038
8028,1030
8029,946
8030,819
8031,617
8032,380
8033,78
8034,0
8035,0
8036,0
8037,0
8038,0
8039,0
8040,0
8041,0
8042,0
8043,0
8044,0
8045,0
8046,112
8047,243
8048,476
8049,741
8050,929
8051,1006
8052,1008
8053,935
8054,794
8055,523
8056,31
8057,74
8058,0
8059,0
8060,0
8061,0
8062,0
8063,0
8064,0
8065,0
8066,0
8067,0
8068,0
8069,0
8070,131
8071,365
8072,602
8073,803
8074,639
8075,1016
8076,950
8077,602
8078,339
8079,17
8080,9
8081,13
8082,0
8083,0
8084,0
8085,0
8086,0
8087,0
8088,0
8089,0
8090,0
8091,0
8092,0
8093,0
8094,85
8095,128
8096,365
8097,453
8098,612
8099,810
8100,735
8101,723
8102,474
8103,361
8104,373
8105,152
8106,0
8107,0
8108,0
8109,0
8110,0
8111,0
8112,0
8113,0
8114,0
8115,0
8116,0
8117,0
8118,98
8119,51
8120,305
8121,638
8122,523
8123,296
8124,476
8125,440
8126,612
8127,573
8128,323
8129,26
8130,0
8131,0
8132,0
8133,0
8134,0
8135,0
8136,0
8137,0
8138,0
8139,0
8140,0
8141,0
8142,85
8143,376
8144,614
8145,814
8146,959
8147,1045
8148,1047
8149,972
8150,833
8151,634
8152,398
8153,158
8154,0
8155,0
8156,0
8157,0
8158,0
8159,0
8160,0
8161,0
8162,0
8163,0
8164,0
8165,0
8166,137
8167,374
8168,612
8169,809
8170,952
8171,1026
8172,488
8173,743
8174,80
8175,105
8176,146
8177,112
8178,0
8179,0
8180,0
8181,0
8182,0
8183,0
8184,0
8185,0
8186,0
8187,0
8188,0
8189,0
8190,114
8191,246
8192,602
8193,803
8194,948
8195,1038
8196,1040
8197,846
8198,831
8199,632
8200,398
8201,158
8202,0
8203,0
8204,0
8205,0
8206,0
8207,0
8208,0
8209,0
8210,0
8211,0
8212,0
8213,0
8214,129
8215,331
8216,560
8217,770
8218,737
8219,953
8220,960
8221,713
8222,232
8223,42
8224,64
8225,44
8226,0
8227,0
8228,0
8229,0
8230,0
8231,0
8232,0
8233,0
8234,0
8235,0
8236,0
8237,0
8238,94
8239,354
8240,589
8241,790
8242,937
8243,1039
8244,1043
8245,973
8246,579
8247,167
8248,158
8249,150
8250,0
8251,0
8252,0
8253,0
8254,0
8255,0
8256,0
8257,0
8258,0
8259,0
8260,0
8261,0
8262,24
8263,48
8264,339
8265,567
8266,842
8267,909
8268,958
8269,842
8270,730
8271,625
8272,394
8273,114
8274,0
8275,0
8276,0
8277,0
8278,0
8279,0
8280,0
8281,0
8282,0
8283,0
8284,0
8285,0
8286,129
8287,367
8288,603
8289,757
8290,882
8291,610
8292,104
8293,390
8294,323
8295,460
8296,214
8297,145
8298,0
8299,0
8300,0
8301,0
8302,0
8303,0
8304,0
8305,0
8306,0
8307,0
8308,0
8309,0
8310,133
8311,371
8312,608
8313,810
8314,958
8315,1043
8316,1051
8317,983
8318,563
8319,651
8320,418
8321,175
8322,0
8323,0
8324,0
8325,0
8326,0
8327,0
8328,0
8329,0
8330,0
8331,0
8332,0
8333,0
8334,128
8335,365
8336,604
8337,806
8338,955
8339,1037
8340,912
8341,138
8342,837
8343,643
8344,350
8345,8
8346,0
8347,0
8348,0
8349,0
8350,0
8351,0
8352,0
8353,0
8354,0
8355,0
8356,0
8357,0
8358,111
8359,279
8360,616
8361,705
8362,973
8363,1057
8364,1061
8365,872
8366,859
8367,665
8368,374
8369,63
8370,0
8371,0
8372,0
8373,0
8374,0
8375,0
8376,0
8377,0
8378,0
8379,0
8380,0
8381,0
8382,125
8383,380
8384,630
8385,840
8386,992
8387,1073
8388,1078
8389,908
8390,869
8391,57
8392,101
8393,121
8394,0
8395,0
8396,0
8397,0
8398,0
8399,0
8400,0
8401,0
8402,0
8403,0
8404,0
8405,0
8406,111
8407,335
8408,612
8409,820
8410,976
8411,1062
8412,1070
8413,1003
8414,865
8415,667
8416,431
8417,185
8418,0
8419,0
8420,0
8421,0
8422,0
8423,0
8424,0
8425,0
8426,0
8427,0
8428,0
8429,0
8430,127
8431,368
8432,390
8433,309
8434,967
8435,948
8436,967
8437,876
8438,743
8439,670
8440,435
8441,188
8442,0
8443,0
8444,0
8445,0
8446,0
8447,0
8448,0
8449,0
8450,0
8451,0
8452,0
8453,0
8454,123
8455,361
8456,391
8457,361
8458,426
8459,591
8460,777
8461,663
8462,360
8463,364
8464,212
8465,174
8466,0
8467,0
8468,0
8469,0
8470,0
8471,0
8472,0
8473,0
8474,0
8475,0
8476,0
8477,0
8478,113
8479,71
8480,522
8481,790
8482,941
8483,967
8484,1035
8485,797
8486,597
8487,501
8488,371
8489,123
8490,0
8491,0
8492,0
8493,0
8494,0
8495,0
8496,0
8497,0
8498,0
8499,0
8500,0
8501,0
8502,68
8503,32
8504,89
8505,357
8506,150
8507,675
8508,901
8509,862
8510,750
8511,594
8512,374
8513,28
8514,0
8515,0
8516,0
8517,0
8518,0
8519,0
8520,0
8521,0
8522,0
8523,0
8524,0
8525,0
8526,49
8527,133
8528,258
8529,241
8530,175
8531,336
8532,848
8533,515
8534,197
8535,18
8536,9
8537,4
8538,0
8539,0
8540,0
8541,0
8542,0
8543,0
8544,0
8545,0
8546,0
8547,0
8548,0
8549,0
8550,55
8551,115
8552,292
8553,403
8554,403
8555,470
8556,675
8557,290
8558,589
8559,559
8560,386
8561,175
8562,5
8563,0
8564,0
8565,0
8566,0
8567,0
8568,0
8569,0
8570,0
8571,0
8572,0
8573,0
8574,96
8575,352
8576,595
8577,735
8578,956
8579,1042
8580,857
8581,992
8582,729
8583,315
8584,276
8585,172
8586,11
8587,0
8588,0
8589,0
8590,0
8591,0
8592,0
8593,0
8594,0
8595,0
8596,0
8597,0
8598,107
8599,350
8600,589
8601,795
8602,948
8603,1041
8604,1054
8605,992
8606,692
8607,663
8608,434
8609,145
8610,6
8611,0
8612,0
8613,0
8614,0
8615,0
8616,0
8617,0
8618,0
8619,0
8620,0
8621,0
8622,30
8623,152
8624,120
8625,235
8626,33
8627,488
8628,686
8629,850
8630,730
8631,596
8632,237
8633,169
8634,8
8635,0
8636,0
8637,0
8638,0
8639,0
8640,0
8641,0
8642,0
8643,0
8644,0
8645,0
8646,112
8647,351
8648,593
8649,802
8650,892
8651,931
8652,826
8653,874
8654,781
8655,576
8656,453
8657,208
8658,7
8659,0
8660,0
8661,0
8662,0
8663,0
8664,0
8665,0
8666,0
8667,0
8668,0
8669,0
8670,108
8671,341
8672,594
8673,803
8674,960
8675,953
8676,883
8677,813
8678,875
8679,684
8680,99
8681,206
8682,9
8683,0
8684,0
8685,0
8686,0
8687,0
8688,0
8689,0
8690,0
8691,0
8692,0
8693,0
8694,93
8695,230
8696,534
8697,778
8698,823
8699,598
8700,331
8701,542
8702,629
8703,207
8704,118
8705,80
8706,9
8707,0
8708,0
8709,0
8710,0
8711,0
8712,0
8713,0
8714,0
8715,0
8716,0
8717,0
8718,83
8719,223
8720,359
8721,581
8722,651
8723,853
8724,768
8725,800
8726,502
8727,378
8728,440
8729,202
8730,10
8731,0
8732,0
8733,0
8734,0
8735,0
8736,0
8737,0
8738,0
8739,0
8740,0
8741,0
8742,86
8743,226
8744,397
8745,415
8746,588
8747,446
8748,807
8749,773
8750,636
8751,578
8752,131
8753,182
8754,17
8755,0
8756,0
8757,0
8758,0
8759,0
