UF,Cultura,Jan,Fev,Mar,Abr,Mai,Jun,Jul,Ago,Set,Out,Nov,Dez,Observações
RS,Soja,130,110,60,0,0,0,0,0,0,20,70,110,"Plantio out-nov, colheita fev-mai"
RS,Milho,150,100,30,0,0,0,0,0,30,60,100,140,"Primeira safra. Plantio ago, colheita dez-jun"
RS,Arroz irrigado,280,220,120,40,0,0,0,0,10,50,150,220,"Necessidade total ~1200mm. Plantio set-dez, colheita nov-abr"
RS,Trigo,0,0,0,0,0,20,40,50,40,20,0,0,"Cultura de inverno. Plantio jun-jul, colheita nov-dez"
RS,Feijão,40,30,20,0,0,0,0,20,40,50,40,30,"Múltiplas épocas de plantio"
MT,Soja,30,50,20,0,0,0,0,0,0,10,20,30,"Plantio set-dez, colheita jan-mar"
MT,Milho safrinha,0,10,50,100,140,130,40,0,0,0,0,0,"Plantio jan-fev, colheita jun-ago"
MT,Algodão,10,40,80,120,150,120,50,0,0,0,0,0,"Necessidade 600-1300mm por ciclo. Pico na floração (abr-jun)"
MT,Sorgo,0,0,20,60,100,80,30,0,0,0,0,0,"Alternativa ao milho safrinha"
MT,Girassol,0,0,30,70,90,60,20,0,0,0,0,0,"Cultura em expansão na safrinha"
GO,Soja,40,60,30,0,0,0,0,0,0,10,30,40,"Similar ao MT. Plantio set-dez, colheita jan-mar"
GO,Milho safrinha,0,20,60,110,130,80,20,0,0,0,0,0,"Plantio jan-fev, colheita jun-ago"
GO,Feijão,0,0,0,30,80,120,140,110,40,0,0,0,"Plantio abr-jun (outono) ou jul-set (inverno)"
GO,Algodão,10,40,80,120,140,100,40,0,0,0,0,0,"Importante região produtora"
GO,Sorgo,0,0,20,60,100,80,30,0,0,0,0,0,"Alternativa ao milho safrinha"
MG,Soja,60,80,50,0,0,0,0,0,0,20,40,60,"Plantio set-out, colheita jan-mar"
MG,Café arábica,50,60,80,100,90,80,80,100,120,110,50,40,"Necessidade ~50-90mm/mês. Irrigação suplementar"
MG,Cana-de-açúcar,40,50,60,80,100,110,130,140,100,70,40,30,"Ciclo longo. Picos no período seco (jul-ago)"
MG,Milho 1ª safra,100,80,40,0,0,0,0,0,20,60,90,110,"Plantio set-out, colheita jan-mar"
MG,Milho safrinha,0,10,40,80,100,70,20,0,0,0,0,0,"Plantio fev-mar em algumas regiões"
MG,Feijão 1ª safra,0,0,0,0,0,0,0,20,60,80,70,40,"Plantio ago-set (águas)"
MG,Feijão 2ª safra,50,40,30,10,0,0,0,0,0,0,20,40,"Plantio fev-mar (seca)"
MG,Feijão 3ª safra,0,0,0,0,30,70,100,80,40,0,0,0,"Plantio abr-mai (inverno irrigado)"
MG,Batata,40,40,40,40,40,40,40,40,40,40,40,40,"Múltiplas safras ao longo do ano"
BA,Soja,40,50,30,0,0,0,0,0,0,20,30,40,"Oeste da Bahia (cerrado). Plantio out-dez"
BA,Algodão,20,50,90,130,160,140,70,0,0,0,0,0,"Oeste da Bahia. Principal polo produtor"
BA,Café,60,70,90,110,100,90,90,110,130,120,60,50,"Similar a MG. Irrigação suplementar"
BA,Milho,0,20,50,90,110,80,30,0,0,0,0,0,"Oeste da Bahia. Safrinha"
BA,Feijão,0,0,0,40,80,110,130,100,50,0,0,0,"Múltiplas épocas"
BA,Banana irrigada,80,80,80,80,80,80,80,80,80,80,80,80,"Vale do São Francisco. Irrigação por microaspersão"
SP,Soja,70,90,50,0,0,0,0,0,0,30,50,70,"Plantio out-nov, colheita fev-abr"
SP,Milho 1ª safra,110,90,50,0,0,0,0,0,30,70,100,120,"Plantio set-out"
SP,Milho safrinha,0,10,40,80,100,70,20,0,0,0,0,0,"Plantio fev-mar"
SP,Cana-de-açúcar,50,60,70,90,110,120,130,140,110,80,60,50,"Principal estado produtor"
SP,Laranja,60,60,70,80,80,70,70,80,90,80,70,60,"Irrigação suplementar em períodos secos"
SP,Café,50,60,80,100,90,80,80,100,120,110,50,40,"Regiões produtoras tradicionais"
SP,Feijão,40,30,20,0,0,0,0,20,50,60,50,40,"Múltiplas safras"
PR,Soja,120,100,50,0,0,0,0,0,0,30,80,110,"Plantio out-nov, colheita fev-abr"
PR,Milho 1ª safra,130,110,60,0,0,0,0,0,40,80,110,140,"Plantio ago-set"
PR,Milho safrinha,0,10,50,90,110,80,30,0,0,0,0,0,"Plantio fev-mar"
PR,Trigo,0,0,0,0,0,30,50,60,50,30,0,0,"Cultura de inverno"
PR,Feijão,50,40,30,10,0,0,0,30,60,70,60,50,"Múltiplas épocas"
MS,Soja,50,70,40,0,0,0,0,0,0,20,40,50,"Similar a MT e GO"
MS,Milho safrinha,0,20,60,110,140,100,40,0,0,0,0,0,"Plantio jan-fev"
MS,Algodão,15,45,85,125,155,125,60,0,0,0,0,0,"Crescente importância"
MS,Feijão,0,0,0,40,80,110,130,100,50,0,0,0,"Safrinha de inverno"
